,player_name,goals,year
0, Richarlison,2,2018/2019
1, Sadio Mané,2,2018/2019
2, Roberto Pereyra,2,2018/2019
3, Dele Alli,1,2018/2019
4, Rúben Neves,1,2018/2019
5, Ryan Fraser,1,2018/2019
6, Jorginho,1,2018/2019
7, Raúl Jiménez,1,2018/2019
8, N'Golo Kanté,1,2018/2019
9, Joselu,1,2018/2019
10, Paul Pogba,1,2018/2019
11, Pedro,1,2018/2019
12, Mohamed Salah,1,2018/2019
13, Jeffrey Schlupp,1,2018/2019
14, Luke Shaw,1,2018/2019
15, Raheem Sterling,1,2018/2019
16, Daniel Sturridge,1,2018/2019
17, Jamie Vardy,1,2018/2019
18, Bernardo Silva,1,2018/2019
19, Jan Vertonghen,1,2018/2019
0, Callum Wilson,1,2018/2019
1, Wilfried Zaha,1,2018/2019
0, Mohamed Salah,32,2017/2018
1, Harry Kane,30,2017/2018
2, Sergio Agüero,21,2017/2018
3, Jamie Vardy,20,2017/2018
4, Raheem Sterling,18,2017/2018
5, Romelu Lukaku,16,2017/2018
6, Roberto Firmino,15,2017/2018
7, Alexandre Lacazette,14,2017/2018
8, Gabriel Jesus,13,2017/2018
9, Eden Hazard,12,2017/2018
10, Riyad Mahrez,12,2017/2018
11, Glenn Murray,12,2017/2018
12, Son Heung-Min,12,2017/2018
13, Marko Arnautovic,11,2017/2018
14, Álvaro Morata,11,2017/2018
15, Pierre-Emerick Aubameyang,10,2017/2018
16, Christian Eriksen,10,2017/2018
17, Sadio Mané,10,2017/2018
18, Luka Milivojevic,10,2017/2018
19, Wayne Rooney,10,2017/2018
0, Leroy Sané,10,2017/2018
1, Chris Wood,10,2017/2018
2, Dele Alli,9,2017/2018
3, Ashley Barnes,9,2017/2018
4, Anthony Martial,9,2017/2018
5, Alexis Sánchez,9,2017/2018
6, David Silva,9,2017/2018
7, Wilfried Zaha,9,2017/2018
8, Kevin De Bruyne,8,2017/2018
9, Chicharito,8,2017/2018
10, Joshua King,8,2017/2018
11, Jesse Lingard,8,2017/2018
12, Oumar Niasse,8,2017/2018
13, Ayoze Pérez,8,2017/2018
14, Xherdan Shaqiri,8,2017/2018
15, Callum Wilson,8,2017/2018
16, Marcos Alonso,7,2017/2018
17, Charlie Austin,7,2017/2018
18, Jordan Ayew,7,2017/2018
19, Coutinho,7,2017/2018
0, Abdoulaye Doucouré,7,2017/2018
1, Olivier Giroud,7,2017/2018
2, Pascal Groß,7,2017/2018
3, Steve Mounie,7,2017/2018
4, Aaron Ramsey,7,2017/2018
5, Marcus Rashford,7,2017/2018
6, Jay Rodriguez,7,2017/2018
7, Salomón Rondón,7,2017/2018
8, Willian,6,2017/2018
9, Laurent Depoitre,6,2017/2018
10, Mame Biram Diouf,6,2017/2018
11, Dwight Gayle,6,2017/2018
12, Shinji Okazaki,6,2017/2018
13, Paul Pogba,6,2017/2018
14, Dusan Tadic,6,2017/2018
15, Bernardo Silva,6,2017/2018
16, Tammy Abraham,5,2017/2018
17, Eric Maxim Choupo-Moting,5,2017/2018
18, Peter Crouch,5,2017/2018
19, Richarlison,5,2017/2018
0, Troy Deeney,5,2017/2018
1, Ryan Fraser,5,2017/2018
2, Manolo Gabbiadini,5,2017/2018
3, Andre Gray,5,2017/2018
4, José Izquierdo,5,2017/2018
5, Manuel Lanzini,5,2017/2018
6, Fernandinho,5,2017/2018
7, James McArthur,5,2017/2018
8, Nacho Monreal,5,2017/2018
9, Roberto Pereyra,5,2017/2018
10, Junior Stanislas,5,2017/2018
11, Cenk Tosun,5,2017/2018
12, Patrick van Aanholt,5,2017/2018
13, Danny Welbeck,5,2017/2018
14, Dominic Calvert-Lewin,4,2017/2018
15, Jermain Defoe,4,2017/2018
16, Marouane Fellaini,4,2017/2018
17, Ilkay Gündogan,4,2017/2018
18, Joselu,4,2017/2018
19, Aaron Mooy,4,2017/2018
0, Mark Noble,4,2017/2018
1, Nicolás Otamendi,4,2017/2018
2, Mesut Özil,4,2017/2018
3, Pedro,4,2017/2018
4, Gylfi Sigurdsson,4,2017/2018
5, Chris Smalling,4,2017/2018
6, Sam Vokes,4,2017/2018
7, Michail Antonio,3,2017/2018
8, André Ayew,3,2017/2018
9, Christian Benteke,3,2017/2018
10, Emre Can,3,2017/2018
11, Andy Carroll,3,2017/2018
12, Sam Clucas,3,2017/2018
13, Danilo,3,2017/2018
14, Steven Davis,3,2017/2018
15, Demarai Gray,3,2017/2018
16, Vicente Iborra,3,2017/2018
17, Kelechi Iheanacho,3,2017/2018
18, Alex Iwobi,3,2017/2018
19, Daryl Janmaat,3,2017/2018
0, Andy King,3,2017/2018
1, Anthony Knockaert,3,2017/2018
2, Jamaal Lascelles,3,2017/2018
3, Juan Mata,3,2017/2018
4, Henrikh Mkhitaryan,3,2017/2018
5, Victor Moses,3,2017/2018
6, Shkodran Mustafi,3,2017/2018
7, Alex Oxlade-Chamberlain,3,2017/2018
8, Matt Ritchie,3,2017/2018
9, Bakary Sako,3,2017/2018
10, James Tomkins,3,2017/2018
11, Antonio Valencia,3,2017/2018
12, Rajiv van La Parra,3,2017/2018
13, Theo Walcott,3,2017/2018
14, James Ward-Prowse,3,2017/2018
15, Nathan Aké,2,2017/2018
16, Marc Albrighton,2,2017/2018
17, Joe Allen,2,2017/2018
18, Scott Arfield,2,2017/2018
19, Christian Atsu,2,2017/2018
0, Serge Aurier,2,2017/2018
1, César Azpilicueta,2,2017/2018
2, Leighton Baines,2,2017/2018
3, Tiemoué Bakayoko,2,2017/2018
4, Michy Batshuayi,2,2017/2018
5, Héctor Bellerín,2,2017/2018
6, Johann Berg Gudmundsson,2,2017/2018
7, Wilfried Bony,2,2017/2018
8, Sofiane Boufal,2,2017/2018
9, Ciaran Clark,2,2017/2018
10, Steve Cook,2,2017/2018
11, Jack Cork,2,2017/2018
12, Ben Davies,2,2017/2018
13, Tom Davies,2,2017/2018
14, Craig Dawson,2,2017/2018
15, Mohamed Diamé,2,2017/2018
16, Jonny Evans,2,2017/2018
17, Cesc Fàbregas,2,2017/2018
18, Dan Gosling,2,2017/2018
19, Idrissa Gueye,2,2017/2018
0, Ahmed Hegazi,2,2017/2018
1, Tomer Hemed,2,2017/2018
2, Jeff Hendrick,2,2017/2018
3, Will Hughes,2,2017/2018
4, Jordon Ibe,2,2017/2018
5, Tom Ince,2,2017/2018
6, Christian Kabasele,2,2017/2018
7, Ki Sung-yueng,2,2017/2018
8, Sead Kolasinac,2,2017/2018
9, Laurent Koscielny,2,2017/2018
10, Cheikhou Kouyaté,2,2017/2018
11, Erik Lamela,2,2017/2018
12, Jake Livermore,2,2017/2018
13, Ruben Loftus-Cheek,2,2017/2018
14, Shane Long,2,2017/2018
15, Dejan Lovren,2,2017/2018
16, Harry Maguire,2,2017/2018
17, Alfie Mawson,2,2017/2018
18, Lys Mousset,2,2017/2018
19, João Mário,2,2017/2018
0, Badou Ndiaye,2,2017/2018
1, Kenedy,2,2017/2018
2, Pedro Obiang,2,2017/2018
3, Matt Phillips,2,2017/2018
4, Hal Robson-Kanu,2,2017/2018
5, Antonio Rüdiger,2,2017/2018
6, Diafra Sakho,2,2017/2018
7, Ramadan Sobhi,2,2017/2018
8, Jack Stephens,2,2017/2018
9, Daniel Sturridge,2,2017/2018
10, Andrew Surman,2,2017/2018
11, Andros Townsend,2,2017/2018
12, Maya Yoshida,2,2017/2018
13, Ashley Young,2,2017/2018
14, Trent Alexander-Arnold,1,2017/2018
15, Harry Arter,1,2017/2018
16, Eric Bailly,1,2017/2018
17, Gareth Barry,1,2017/2018
18, Jan Bednarek,1,2017/2018
19, Yannick Bolasie,1,2017/2018
0, Robbie Brady,1,2017/2018
1, Miguel Britos,1,2017/2018
2, Etienne Capoue,1,2017/2018
3, André Carrillo,1,2017/2018
4, Nacer Chadli,1,2017/2018
5, Tom Cleverley,1,2017/2018
6, James Collins,1,2017/2018
7, Aaron Cresswell,1,2017/2018
8, Charlie Daniels,1,2017/2018
9, Scott Dann,1,2017/2018
10, Steven Defour,1,2017/2018
11, Fabian Delph,1,2017/2018
12, Gerard Deulofeu,1,2017/2018
13, Daniel Drinkwater,1,2017/2018
14, Lewis Dunk,1,2017/2018
15, Kiko Femenía,1,2017/2018
16, Leroy Fer,1,2017/2018
17, Federico Fernández,1,2017/2018
18, Sam Field,1,2017/2018
19, Darren Fletcher,1,2017/2018
0, Isaac Hayden,1,2017/2018
1, Jordan Henderson,1,2017/2018
2, Danny Ings,1,2017/2018
3, Elias Kachunga,1,2017/2018
4, N'Golo Kanté,1,2017/2018
5, Ragnar Klavan,1,2017/2018
6, Vincent Kompany,1,2017/2018
7, Mario Lemina,1,2017/2018
8, Fernando Llorente,1,2017/2018
9, Jürgen Locadia,1,2017/2018
10, Joe Lolley,1,2017/2018
11, Kevin Long,1,2017/2018
12, David Luiz,1,2017/2018
13, Solly March,1,2017/2018
14, Nemanja Matic,1,2017/2018
15, Joel Matip,1,2017/2018
16, James McClean,1,2017/2018
17, Mikel Merino,1,2017/2018
18, Per Mertesacker,1,2017/2018
19, Aleksandar Mitrovic,1,2017/2018
0, James Morrison,1,2017/2018
1, Jacob Murphy,1,2017/2018
2, Luciano Narsingh,1,2017/2018
3, Angelo Ogbonna,1,2017/2018
4, Stefano Okaka,1,2017/2018
5, Alex Pritchard,1,2017/2018
6, Nathan Redmond,1,2017/2018
7, Andrew Robertson,1,2017/2018
8, Jesé,1,2017/2018
9, Oriol Romeu,1,2017/2018
10, Henri Saivet,1,2017/2018
11, Mamadou Sakho,1,2017/2018
12, Ryan Shawcross,1,2017/2018
13, Jonjo Shelvey,1,2017/2018
14, Moussa Sissoko,1,2017/2018
15, Islam Slimani,1,2017/2018
16, Adam Smith,1,2017/2018
17, Dominic Solanke,1,2017/2018
18, Leonardo Ulloa,1,2017/2018
19, Mike van der Hoorn,1,2017/2018
0, Molla Wagué,1,2017/2018
1, Victor Wanyama,1,2017/2018
2, Stephen Ward,1,2017/2018
3, Georginio Wijnaldum,1,2017/2018
4, Ashley Williams,1,2017/2018
5, Jack Wilshere,1,2017/2018
6, Granit Xhaka,1,2017/2018
7, Davide Zappacosta,1,2017/2018
8, Kurt Zouma,1,2017/2018
9, Yohan Cabaye,0,2017/2018
0, Harry Kane,29,2016/2017
1, Romelu Lukaku,25,2016/2017
2, Alexis Sánchez,24,2016/2017
3, Sergio Agüero,20,2016/2017
4, Diego Costa,20,2016/2017
5, Dele Alli,18,2016/2017
6, Zlatan Ibrahimovic,17,2016/2017
7, Eden Hazard,16,2016/2017
8, Joshua King,16,2016/2017
9, Christian Benteke,15,2016/2017
10, Jermain Defoe,15,2016/2017
11, Fernando Llorente,15,2016/2017
12, Son Heung-Min,14,2016/2017
13, Coutinho,13,2016/2017
14, Sadio Mané,13,2016/2017
15, Jamie Vardy,13,2016/2017
16, Olivier Giroud,12,2016/2017
17, Roberto Firmino,11,2016/2017
18, Troy Deeney,10,2016/2017
19, Sam Vokes,10,2016/2017
0, Theo Walcott,10,2016/2017
1, Michail Antonio,9,2016/2017
2, Andre Gray,9,2016/2017
3, Álvaro Negredo,9,2016/2017
4, Pedro,9,2016/2017
5, Gylfi Sigurdsson,9,2016/2017
6, Willian,8,2016/2017
7, Christian Eriksen,8,2016/2017
8, Adam Lallana,8,2016/2017
9, Manuel Lanzini,8,2016/2017
10, Mesut Özil,8,2016/2017
11, Salomón Rondón,8,2016/2017
12, Etienne Capoue,7,2016/2017
13, Andy Carroll,7,2016/2017
14, Peter Crouch,7,2016/2017
15, Gabriel Jesus,7,2016/2017
16, James Milner,7,2016/2017
17, Divock Origi,7,2016/2017
18, Nathan Redmond,7,2016/2017
19, Islam Slimani,7,2016/2017
0, Robert Snodgrass,7,2016/2017
1, Junior Stanislas,7,2016/2017
2, Raheem Sterling,7,2016/2017
3, Wilfried Zaha,7,2016/2017
4, Benik Afobe,6,2016/2017
5, Joe Allen,6,2016/2017
6, Marcos Alonso,6,2016/2017
7, Marko Arnautovic,6,2016/2017
8, Charlie Austin,6,2016/2017
9, André Ayew,6,2016/2017
10, Ashley Barnes,6,2016/2017
11, Gary Cahill,6,2016/2017
12, Kevin De Bruyne,6,2016/2017
13, Leroy Fer,6,2016/2017
14, Riyad Mahrez,6,2016/2017
15, Juan Mata,6,2016/2017
16, Gareth McAuley,6,2016/2017
17, Georginio Wijnaldum,6,2016/2017
18, Callum Wilson,6,2016/2017
19, Ross Barkley,5,2016/2017
0, Michy Batshuayi,5,2016/2017
1, Emre Can,5,2016/2017
2, Nacer Chadli,5,2016/2017
3, Cesc Fàbregas,5,2016/2017
4, James McArthur,5,2016/2017
5, James Morrison,5,2016/2017
6, Paul Pogba,5,2016/2017
7, Marcus Rashford,5,2016/2017
8, Jay Rodriguez,5,2016/2017
9, Wayne Rooney,5,2016/2017
10, Leroy Sané,5,2016/2017
11, Yaya Touré,5,2016/2017
12, Patrick van Aanholt,5,2016/2017
13, Nolito,4,2016/2017
14, Yohan Cabaye,4,2016/2017
15, Seamus Coleman,4,2016/2017
16, Charlie Daniels,4,2016/2017
17, Craig Dawson,4,2016/2017
18, Marten de Roon,4,2016/2017
19, Manolo Gabbiadini,4,2016/2017
0, Abel Hernández,4,2016/2017
1, Kelechi Iheanacho,4,2016/2017
2, Anthony Martial,4,2016/2017
3, Alfie Mawson,4,2016/2017
4, Kevin Mirallas,4,2016/2017
5, Henrikh Mkhitaryan,4,2016/2017
6, Oumar Niasse,4,2016/2017
7, Stefano Okaka,4,2016/2017
8, Matt Phillips,4,2016/2017
9, Xherdan Shaqiri,4,2016/2017
10, David Silva,4,2016/2017
11, Cristhian Stuani,4,2016/2017
12, Jonathan Walters,4,2016/2017
13, Victor Wanyama,4,2016/2017
14, James Ward-Prowse,4,2016/2017
15, Nathan Aké,3,2016/2017
16, Victor Anichebe,3,2016/2017
17, Chris Brunt,3,2016/2017
18, Sam Clucas,3,2016/2017
19, Scott Dann,3,2016/2017
0, Michael Dawson,3,2016/2017
1, Sofiane Feghouli,3,2016/2017
2, Ryan Fraser,3,2016/2017
3, Ilkay Gündogan,3,2016/2017
4, Alex Iwobi,3,2016/2017
5, Phil Jagielka,3,2016/2017
6, Vincent Kompany,3,2016/2017
7, Bojan,3,2016/2017
8, Shane Long,3,2016/2017
9, Victor Moses,3,2016/2017
10, Mark Noble,3,2016/2017
11, Shinji Okazaki,3,2016/2017
12, Hal Robson-Kanu,3,2016/2017
13, Wayne Routledge,3,2016/2017
14, Daniel Sturridge,3,2016/2017
15, Dusan Tadic,3,2016/2017
16, James Tomkins,3,2016/2017
17, Andros Townsend,3,2016/2017
18, Enner Valencia,3,2016/2017
19, Marc Albrighton,2,2016/2017
0, Leighton Baines,2,2016/2017
1, Gareth Barry,2,2016/2017
2, Ryan Bertrand,2,2016/2017
3, Wilfried Bony,2,2016/2017
4, Fabio Borini,2,2016/2017
5, George Boyd,2,2016/2017
6, Santiago Cazorla,2,2016/2017
7, Calum Chambers,2,2016/2017
8, James Collins,2,2016/2017
9, Steve Cook,2,2016/2017
10, Tom Davies,2,2016/2017
11, Eric Dier,2,2016/2017
12, Adama Diomande,2,2016/2017
13, Jonny Evans,2,2016/2017
14, Darren Fletcher,2,2016/2017
15, Christian Fuchs,2,2016/2017
16, Dan Gosling,2,2016/2017
17, Jeff Hendrick,2,2016/2017
18, José Holebas,2,2016/2017
19, Robert Huth,2,2016/2017
0, Daryl Janmaat,2,2016/2017
1, Vincent Janssen,2,2016/2017
2, Christian Kabasele,2,2016/2017
3, Younes Kaboul,2,2016/2017
4, Michael Keane,2,2016/2017
5, Laurent Koscielny,2,2016/2017
6, Dejan Lovren,2,2016/2017
7, Fernandinho,2,2016/2017
8, Harry Maguire,2,2016/2017
9, Lazar Markovic,2,2016/2017
10, Luka Milivojevic,2,2016/2017
11, Ahmed Musa,2,2016/2017
12, Shkodran Mustafi,2,2016/2017
13, Wilfred Ndidi,2,2016/2017
14, M'Baye Niang,2,2016/2017
15, Martin Olsson,2,2016/2017
16, Alex Oxlade-Chamberlain,2,2016/2017
17, Dimitri Payet,2,2016/2017
18, Roberto Pereyra,2,2016/2017
19, Marc Pugh,2,2016/2017
0, Gastón Ramírez,2,2016/2017
1, Andrea Ranocchia,2,2016/2017
2, Winston Reid,2,2016/2017
3, Danny Rose,2,2016/2017
4, Danny Welbeck,2,2016/2017
5, Connor Wickham,2,2016/2017
6, Granit Xhaka,2,2016/2017
7, Charlie Adam,1,2016/2017
8, Toby Alderweireld,1,2016/2017
9, Daniel Amartey,1,2016/2017
10, Scott Arfield,1,2016/2017
11, Harry Arter,1,2016/2017
12, Daniel Ayala,1,2016/2017
13, Jordan Ayew,1,2016/2017
14, César Azpilicueta,1,2016/2017
15, Patrick Bamford,1,2016/2017
16, Joey Barton,1,2016/2017
17, Héctor Bellerín,1,2016/2017
18, Johann Berg Gudmundsson,1,2016/2017
19, Daley Blind,1,2016/2017
0, Yannick Bolasie,1,2016/2017
1, Sofiane Boufal,1,2016/2017
2, Robbie Brady,1,2016/2017
3, Miguel Britos,1,2016/2017
4, Jonathan Calleri,1,2016/2017
5, Dominic Calvert-Lewin,1,2016/2017
6, Fraizer Campbell,1,2016/2017
7, Tom Carroll,1,2016/2017
8, Ben Chilwell,1,2016/2017
9, Jordy Clasie,1,2016/2017
10, Gaël Clichy,1,2016/2017
11, Ben Davies,1,2016/2017
12, Steven Defour,1,2016/2017
13, Fabian Delph,1,2016/2017
14, Mousa Dembélé,1,2016/2017
15, Mame Biram Diouf,1,2016/2017
16, Abdoulaye Doucouré,1,2016/2017
17, Stewart Downing,1,2016/2017
18, Daniel Drinkwater,1,2016/2017
19, Marouane Fellaini,1,2016/2017
0, Rudy Gestede,1,2016/2017
1, Ben Gibson,1,2016/2017
2, Borja Bastón,1,2016/2017
3, Demarai Gray,1,2016/2017
4, Idrissa Gueye,1,2016/2017
5, Josh Harrop,1,2016/2017
6, Jordan Henderson,1,2016/2017
7, Ander Herrera,1,2016/2017
8, Tom Huddlestone,1,2016/2017
9, Odion Ighalo,1,2016/2017
10, Billy Jones,1,2016/2017
11, N'Golo Kanté,1,2016/2017
12, Wahbi Khazri,1,2016/2017
13, Andy King,1,2016/2017
14, Aleksandar Kolarov,1,2016/2017
15, Lamine Koné,1,2016/2017
16, Cheikhou Kouyaté,1,2016/2017
17, Erik Lamela,1,2016/2017
18, Grant Leadbitter,1,2016/2017
19, Joe Ledley,1,2016/2017
0, Jesse Lingard,1,2016/2017
1, Jake Livermore,1,2016/2017
2, Ademola Lookman,1,2016/2017
3, David Luiz,1,2016/2017
4, Shaun Maloney,1,2016/2017
5, Javier Manquillo,1,2016/2017
6, Dean Marney,1,2016/2017
7, Bruno Martins Indi,1,2016/2017
8, Ryan Mason,1,2016/2017
9, Nemanja Matic,1,2016/2017
10, Joel Matip,1,2016/2017
11, James McCarthy,1,2016/2017
12, James McClean,1,2016/2017
13, Ben Mee,1,2016/2017
14, David Meyler,1,2016/2017
15, Wes Morgan,1,2016/2017
16, Marc Muniesa,1,2016/2017
17, Alfred N'Diaye,1,2016/2017
18, Kyle Naughton,1,2016/2017
19, Didier Ndong,1,2016/2017
0, Pedro Obiang,1,2016/2017
1, Nicolás Otamendi,1,2016/2017
2, Matthew Pennington,1,2016/2017
3, Lucas Pérez,1,2016/2017
4, Sebastian Prödl,1,2016/2017
5, Aaron Ramsey,1,2016/2017
6, Angel Rangel,1,2016/2017
7, Andrew Robertson,1,2016/2017
8, Marcos Rojo,1,2016/2017
9, Oriol Romeu,1,2016/2017
10, Diafra Sakho,1,2016/2017
11, Morgan Schneiderlin,1,2016/2017
12, Ryan Shawcross,1,2016/2017
13, Chris Smalling,1,2016/2017
14, Adam Smith,1,2016/2017
15, Isaac Success,1,2016/2017
16, John Terry,1,2016/2017
17, Leonardo Ulloa,1,2016/2017
18, Antonio Valencia,1,2016/2017
19, Mike van der Hoorn,1,2016/2017
0, Virgil van Dijk,1,2016/2017
1, Stephen Ward,1,2016/2017
2, Ashley Williams,1,2016/2017
3, Harry Winks,1,2016/2017
4, Maya Yoshida,1,2016/2017
5, Pablo Zabaleta,1,2016/2017
6, Juan Camilo Zuñiga,1,2016/2017
7, Tom Cleverley,0,2016/2017
8, Ramadan Sobhi,0,2016/2017
0, Harry Kane,25,2015/2016
1, Sergio Agüero,24,2015/2016
2, Jamie Vardy,24,2015/2016
3, Romelu Lukaku,18,2015/2016
4, Riyad Mahrez,17,2015/2016
5, Olivier Giroud,16,2015/2016
6, Jermain Defoe,15,2015/2016
7, Odion Ighalo,15,2015/2016
8, Troy Deeney,13,2015/2016
9, Alexis Sánchez,13,2015/2016
10, André Ayew,12,2015/2016
11, Diego Costa,12,2015/2016
12, Marko Arnautovic,11,2015/2016
13, Sadio Mané,11,2015/2016
14, Anthony Martial,11,2015/2016
15, Graziano Pellè,11,2015/2016
16, Gylfi Sigurdsson,11,2015/2016
17, Georginio Wijnaldum,11,2015/2016
18, Dele Alli,10,2015/2016
19, Roberto Firmino,10,2015/2016
0, Harry Kane,25,2015/2016
1, Sergio Agüero,24,2015/2016
2, Jamie Vardy,24,2015/2016
3, Romelu Lukaku,18,2015/2016
4, Riyad Mahrez,17,2015/2016
5, Olivier Giroud,16,2015/2016
6, Jermain Defoe,15,2015/2016
7, Odion Ighalo,15,2015/2016
8, Troy Deeney,13,2015/2016
9, Alexis Sánchez,13,2015/2016
10, André Ayew,12,2015/2016
11, Diego Costa,12,2015/2016
12, Marko Arnautovic,11,2015/2016
13, Sadio Mané,11,2015/2016
14, Anthony Martial,11,2015/2016
15, Graziano Pellè,11,2015/2016
16, Gylfi Sigurdsson,11,2015/2016
17, Georginio Wijnaldum,11,2015/2016
18, Dele Alli,10,2015/2016
19, Roberto Firmino,10,2015/2016
0, Shane Long,10,2015/2016
1, Christian Benteke,9,2015/2016
2, Andy Carroll,9,2015/2016
3, Aleksandar Mitrovic,9,2015/2016
4, Dimitri Payet,9,2015/2016
5, Salomón Rondón,9,2015/2016
6, Michail Antonio,8,2015/2016
7, Ross Barkley,8,2015/2016
8, Coutinho,8,2015/2016
9, Kelechi Iheanacho,8,2015/2016
10, Wayne Rooney,8,2015/2016
11, Daniel Sturridge,8,2015/2016
12, Jordan Ayew,7,2015/2016
13, Kevin De Bruyne,7,2015/2016
14, Bojan,7,2015/2016
15, Dieudonne Mbokani Bezua,7,2015/2016
16, Mark Noble,7,2015/2016
17, Pedro,7,2015/2016
18, Dusan Tadic,7,2015/2016
19, Christian Eriksen,6,2015/2016
0, Bafétimbi Gomis,6,2015/2016
1, Joshua King,6,2015/2016
2, Manuel Lanzini,6,2015/2016
3, Juan Mata,6,2015/2016
4, Mesut Özil,6,2015/2016
5, Ayoze Pérez,6,2015/2016
6, Nathan Redmond,6,2015/2016
7, Raheem Sterling,6,2015/2016
8, Yaya Touré,6,2015/2016
9, Leonardo Ulloa,6,2015/2016
10, Yannick Bolasie,5,2015/2016
11, Willian,5,2015/2016
12, Fabio Borini,5,2015/2016
13, Yohan Cabaye,5,2015/2016
14, Scott Dann,5,2015/2016
15, Steven Davis,5,2015/2016
16, Mame Biram Diouf,5,2015/2016
17, Cesc Fàbregas,5,2015/2016
18, Rudy Gestede,5,2015/2016
19, Arouna Koné,5,2015/2016
0, Cheikhou Kouyaté,5,2015/2016
1, Erik Lamela,5,2015/2016
2, Aaron Lennon,5,2015/2016
3, James Milner,5,2015/2016
4, Shinji Okazaki,5,2015/2016
5, Divock Origi,5,2015/2016
6, Aaron Ramsey,5,2015/2016
7, Marcus Rashford,5,2015/2016
8, Diafra Sakho,5,2015/2016
9, Theo Walcott,5,2015/2016
10, Jonathan Walters,5,2015/2016
11, Connor Wickham,5,2015/2016
12, Callum Wilson,5,2015/2016
13, Benik Afobe,4,2015/2016
14, Toby Alderweireld,4,2015/2016
15, Saido Berahino,4,2015/2016
16, Wilfried Bony,4,2015/2016
17, Steve Cook,4,2015/2016
18, Craig Dawson,4,2015/2016
19, Steven Fletcher,4,2015/2016
0, Ramiro Funes Mori,4,2015/2016
1, Eden Hazard,4,2015/2016
2, Wes Hoolahan,4,2015/2016
3, Laurent Koscielny,4,2015/2016
4, Adam Lallana,4,2015/2016
5, Jesse Lingard,4,2015/2016
6, Joselu,4,2015/2016
7, Kevin Mirallas,4,2015/2016
8, Steven Naismith,4,2015/2016
9, Matt Ritchie,4,2015/2016
10, Son Heung-Min,4,2015/2016
11, Andros Townsend,4,2015/2016
12, Enner Valencia,4,2015/2016
13, Patrick van Aanholt,4,2015/2016
14, Danny Welbeck,4,2015/2016
15, Robbie Brady,3,2015/2016
16, Joel Campbell,3,2015/2016
17, Nacer Chadli,3,2015/2016
18, Papiss Demba Cissé,3,2015/2016
19, Charlie Daniels,3,2015/2016
0, Mousa Dembélé,3,2015/2016
1, Eric Dier,3,2015/2016
2, Oscar,3,2015/2016
3, Craig Gardner,3,2015/2016
4, Dwight Gayle,3,2015/2016
5, Dan Gosling,3,2015/2016
6, Ander Herrera,3,2015/2016
7, Jonny Howson,3,2015/2016
8, Robert Huth,3,2015/2016
9, Cameron Jerome,3,2015/2016
10, Aleksandar Kolarov,3,2015/2016
11, Jeremain Lens,3,2015/2016
12, Russell Martin,3,2015/2016
13, James Morrison,3,2015/2016
14, Glenn Murray,3,2015/2016
15, Marc Pugh,3,2015/2016
16, Xherdan Shaqiri,3,2015/2016
17, Junior Stanislas,3,2015/2016
18, Virgil van Dijk,3,2015/2016
19, Duncan Watmore,3,2015/2016
0, Mauro Zárate,3,2015/2016
1, Almen Abdi,2,2015/2016
2, Ibrahim Afellay,2,2015/2016
3, Marc Albrighton,2,2015/2016
4, Joe Allen,2,2015/2016
5, César Azpilicueta,2,2015/2016
6, Leighton Baines,2,2015/2016
7, Gary Cahill,2,2015/2016
8, Tom Cleverley,2,2015/2016
9, Aaron Cresswell,2,2015/2016
10, José Fonte,2,2015/2016
11, Damien Delaney,2,2015/2016
12, Fabian Delph,2,2015/2016
13, Memphis Depay,2,2015/2016
14, Gerard Deulofeu,2,2015/2016
15, Daniel Drinkwater,2,2015/2016
16, Carles Gil,2,2015/2016
17, Jordan Henderson,2,2015/2016
18, Giannelli Imbula,2,2015/2016
19, Danny Ings,2,2015/2016
0, Branislav Ivanovic,2,2015/2016
1, Alex Iwobi,2,2015/2016
2, Daryl Janmaat,2,2015/2016
3, Carl Jenkinson,2,2015/2016
4, Adam Johnson,2,2015/2016
5, Wahbi Khazri,2,2015/2016
6, Ki Sung-yueng,2,2015/2016
7, Andy King,2,2015/2016
8, Vincent Kompany,2,2015/2016
9, Lamine Koné,2,2015/2016
10, Jamaal Lascelles,2,2015/2016
11, Fernandinho,2,2015/2016
12, Nemanja Matic,2,2015/2016
13, James McArthur,2,2015/2016
14, James McCarthy,2,2015/2016
15, James McClean,2,2015/2016
16, Wes Morgan,2,2015/2016
17, Samir Nasri,2,2015/2016
18, Alberto Paloschi,2,2015/2016
19, Sebastian Prödl,2,2015/2016
0, Jason Puncheon,2,2015/2016
1, Fernando,2,2015/2016
2, Wayne Routledge,2,2015/2016
3, Bakary Sako,2,2015/2016
4, Ramires,2,2015/2016
5, Stéphane Sessegnon,2,2015/2016
6, David Silva,2,2015/2016
7, Scott Sinclair,2,2015/2016
8, Adam Smith,2,2015/2016
9, Alexander Tettey,2,2015/2016
10, Bertrand Traoré,2,2015/2016
11, Joel Ward,2,2015/2016
12, James Ward-Prowse,2,2015/2016
13, Ben Watson,2,2015/2016
14, Ashley Westwood,2,2015/2016
15, Ashley Williams,2,2015/2016
16, Wilfried Zaha,2,2015/2016
17, Rolando Aarons,1,2015/2016
18, Charlie Adam,1,2015/2016
19, Emmanuel Adebayor,1,2015/2016
0, Gabriel Agbonlahor,1,2015/2016
1, Nathan Aké,1,2015/2016
2, Vurnon Anita,1,2015/2016
3, Harry Arter,1,2015/2016
4, Charlie Austin,1,2015/2016
5, Leandro Bacuna,1,2015/2016
6, Modou Barrow,1,2015/2016
7, Sebastien Bassong,1,2015/2016
8, Héctor Bellerín,1,2015/2016
9, Ryan Bertrand,1,2015/2016
10, Daley Blind,1,2015/2016
11, Emre Can,1,2015/2016
12, Tom Carroll,1,2015/2016
13, Craig Cathcart,1,2015/2016
14, Ciaran Clark,1,2015/2016
15, Nathaniel Clyne,1,2015/2016
16, Jack Colback,1,2015/2016
17, Seamus Coleman,1,2015/2016
18, Fabricio Coloccini,1,2015/2016
19, Jack Cork,1,2015/2016
0, Alexandre Pato,1,2015/2016
1, Matteo Darmian,1,2015/2016
2, Gabriel,1,2015/2016
3, Ritchie de Laet,1,2015/2016
4, Paul Dummett,1,2015/2016
5, Nathan Dyer,1,2015/2016
6, Tommy Elphick,1,2015/2016
7, Jonny Evans,1,2015/2016
8, Radamel Falcao,1,2015/2016
9, Marouane Fellaini,1,2015/2016
10, Federico Fernández,1,2015/2016
11, Darren Fletcher,1,2015/2016
12, Kieran Gibbs,1,2015/2016
13, Lewis Grabban,1,2015/2016
14, Max Gradel,1,2015/2016
15, Jack Grealish,1,2015/2016
16, Jordon Ibe,1,2015/2016
17, Adnan Januzaj,1,2015/2016
18, Matthew Jarvis,1,2015/2016
19, Nikica Jelavic,1,2015/2016
0, Billy Jones,1,2015/2016
1, N'Golo Kanté,1,2015/2016
2, Timm Klose,1,2015/2016
3, Rickie Lambert,1,2015/2016
4, Miguel Layún,1,2015/2016
5, Joe Ledley,1,2015/2016
6, Lee Chung-yong,1,2015/2016
7, Joleon Lescott,1,2015/2016
8, Ruben Loftus-Cheek,1,2015/2016
9, Yann M'Vila,1,2015/2016
10, Modibo Maiga,1,2015/2016
11, Cuco Martina,1,2015/2016
12, Ryan Mason,1,2015/2016
13, Gareth McAuley,1,2015/2016
14, Alberto Moreno,1,2015/2016
15, Victor Moses,1,2015/2016
16, Dame N'Doye,1,2015/2016
17, Kenedy,1,2015/2016
18, Jonas Olsson,1,2015/2016
19, Martin Olsson,1,2015/2016
0, Nicolás Otamendi,1,2015/2016
1, Alex Oxlade-Chamberlain,1,2015/2016
2, Winston Reid,1,2015/2016
3, Loïc Remy,1,2015/2016
4, Micah Richards,1,2015/2016
5, Jack Rodwell,1,2015/2016
6, Oriol Romeu,1,2015/2016
7, Danny Rose,1,2015/2016
8, Mamadou Sakho,1,2015/2016
9, Jeffrey Schlupp,1,2015/2016
10, Morgan Schneiderlin,1,2015/2016
11, Bastian Schweinsteiger,1,2015/2016
12, Jonjo Shelvey,1,2015/2016
13, Moussa Sissoko,1,2015/2016
14, Martin Skrtel,1,2015/2016
15, John Terry,1,2015/2016
16, Kolo Touré,1,2015/2016
17, Kieran Trippier,1,2015/2016
18, Kyle Walker,1,2015/2016
19, Victor Wanyama,1,2015/2016
0, Steven Whittaker,1,2015/2016
1, Maya Yoshida,1,2015/2016
2, Ashley Young,1,2015/2016
3, Kurt Zouma,1,2015/2016
0, Sergio Agüero,26,2014/2015
1, Harry Kane,21,2014/2015
2, Diego Costa,20,2014/2015
3, Charlie Austin,18,2014/2015
4, Alexis Sánchez,16,2014/2015
5, Saido Berahino,14,2014/2015
6, Olivier Giroud,14,2014/2015
7, Eden Hazard,14,2014/2015
8, Christian Benteke,13,2014/2015
9, Graziano Pellè,12,2014/2015
10, Wayne Rooney,12,2014/2015
11, David Silva,12,2014/2015
12, Wilfried Bony,11,2014/2015
13, Nacer Chadli,11,2014/2015
14, Papiss Demba Cissé,11,2014/2015
15, Mame Biram Diouf,11,2014/2015
16, Danny Ings,11,2014/2015
17, Leonardo Ulloa,11,2014/2015
18, Christian Eriksen,10,2014/2015
19, Romelu Lukaku,10,2014/2015
0, Sadio Mané,10,2014/2015
1, Diafra Sakho,10,2014/2015
2, Yaya Touré,10,2014/2015
3, Robin van Persie,10,2014/2015
4, Steven Gerrard,9,2014/2015
5, Juan Mata,9,2014/2015
6, Peter Crouch,8,2014/2015
7, Nikica Jelavic,8,2014/2015
8, Ki Sung-yueng,8,2014/2015
9, Jonathan Walters,8,2014/2015
10, Charlie Adam,7,2014/2015
11, Santiago Cazorla,7,2014/2015
12, Bafétimbi Gomis,7,2014/2015
13, Kevin Mirallas,7,2014/2015
14, Glenn Murray,7,2014/2015
15, Ayoze Pérez,7,2014/2015
16, Loïc Remy,7,2014/2015
17, Gylfi Sigurdsson,7,2014/2015
18, Raheem Sterling,7,2014/2015
19, Gabriel Agbonlahor,6,2014/2015
0, Oscar,6,2014/2015
1, Stewart Downing,6,2014/2015
2, Marouane Fellaini,6,2014/2015
3, Leroy Fer,6,2014/2015
4, Jordan Henderson,6,2014/2015
5, Ander Herrera,6,2014/2015
6, Frank Lampard,6,2014/2015
7, Steven Naismith,6,2014/2015
8, Jason Puncheon,6,2014/2015
9, Aaron Ramsey,6,2014/2015
10, Ashley Barnes,5,2014/2015
11, George Boyd,5,2014/2015
12, Esteban Cambiasso,5,2014/2015
13, Andy Carroll,5,2014/2015
14, Coutinho,5,2014/2015
15, Steven Fletcher,5,2014/2015
16, Dwight Gayle,5,2014/2015
17, Mile Jedinak,5,2014/2015
18, Stevan Jovetic,5,2014/2015
19, Adam Lallana,5,2014/2015
0, Shane Long,5,2014/2015
1, James Milner,5,2014/2015
2, Dame N'Doye,5,2014/2015
3, David Nugent,5,2014/2015
4, John Terry,5,2014/2015
5, Jamie Vardy,5,2014/2015
6, Theo Walcott,5,2014/2015
7, Connor Wickham,5,2014/2015
8, Yannick Bolasie,4,2014/2015
9, Fraizer Campbell,4,2014/2015
10, Jack Colback,4,2014/2015
11, Jermain Defoe,4,2014/2015
12, Mohamed Diamé,4,2014/2015
13, Didier Drogba,4,2014/2015
14, Edin Dzeko,4,2014/2015
15, Radamel Falcao,4,2014/2015
16, Jordi Gómez,4,2014/2015
17, Abel Hernández,4,2014/2015
18, Brown Ideye,4,2014/2015
19, Branislav Ivanovic,4,2014/2015
0, Phil Jagielka,4,2014/2015
1, Adam Johnson,4,2014/2015
2, Cheikhou Kouyaté,4,2014/2015
3, Bojan,4,2014/2015
4, Riyad Mahrez,4,2014/2015
5, Mesut Özil,4,2014/2015
6, Morgan Schneiderlin,4,2014/2015
7, Moussa Sissoko,4,2014/2015
8, Chris Smalling,4,2014/2015
9, Daniel Sturridge,4,2014/2015
10, Dusan Tadic,4,2014/2015
11, Enner Valencia,4,2014/2015
12, Danny Welbeck,4,2014/2015
13, Wilfried Zaha,4,2014/2015
14, Morgan Amalfitano,3,2014/2015
15, Victor Anichebe,3,2014/2015
16, Tom Cleverley,3,2014/2015
17, Seamus Coleman,3,2014/2015
18, Jack Cork,3,2014/2015
19, Ángel Di María,3,2014/2015
0, Nathan Dyer,3,2014/2015
1, Samuel Eto'o,3,2014/2015
2, Cesc Fàbregas,3,2014/2015
3, Craig Gardner,3,2014/2015
4, Laurent Koscielny,3,2014/2015
5, Sebastian Larsson,3,2014/2015
6, Fernandinho,3,2014/2015
7, Victor Moses,3,2014/2015
8, Steven N'Zonzi,3,2014/2015
9, Matt Phillips,3,2014/2015
10, Jack Rodwell,3,2014/2015
11, Danny Rose,3,2014/2015
12, Wayne Routledge,3,2014/2015
13, Jeffrey Schlupp,3,2014/2015
14, André Schürrle,3,2014/2015
15, Jonjo Shelvey,3,2014/2015
16, Eduardo Vargas,3,2014/2015
17, Victor Wanyama,3,2014/2015
18, Andreas Weimann,3,2014/2015
19, Bobby Zamora,3,2014/2015
0, Emmanuel Adebayor,2,2014/2015
1, Marc Albrighton,2,2014/2015
2, Sammy Ameobi,2,2014/2015
3, Scott Arfield,2,2014/2015
4, Leighton Baines,2,2014/2015
5, Ross Barkley,2,2014/2015
6, Héctor Bellerín,2,2014/2015
7, Ryan Bertrand,2,2014/2015
8, Daley Blind,2,2014/2015
9, Willian,2,2014/2015
10, Chris Brunt,2,2014/2015
11, Marouane Chamakh,2,2014/2015
12, James Chester,2,2014/2015
13, Nathaniel Clyne,2,2014/2015
14, Carlton Cole,2,2014/2015
15, Aaron Cresswell,2,2014/2015
16, Scott Dann,2,2014/2015
17, Craig Dawson,2,2014/2015
18, Eric Dier,2,2014/2015
19, Ahmed El Mohamady,2,2014/2015
0, Eljero Elia,2,2014/2015
1, Yoan Gouffran,2,2014/2015
2, Brede Hangeland,2,2014/2015
3, Andy King,2,2014/2015
4, Aleksandar Kolarov,2,2014/2015
5, Andrej Kramaric,2,2014/2015
6, Niko Kranjcar,2,2014/2015
7, Rickie Lambert,2,2014/2015
8, Erik Lamela,2,2014/2015
9, Joe Ledley,2,2014/2015
10, Aaron Lennon,2,2014/2015
11, Lazar Markovic,2,2014/2015
12, James McArthur,2,2014/2015
13, James McCarthy,2,2014/2015
14, Ben Mee,2,2014/2015
15, Alberto Moreno,2,2014/2015
16, Wes Morgan,2,2014/2015
17, James Morrison,2,2014/2015
18, Samir Nasri,2,2014/2015
19, Mark Noble,2,2014/2015
0, Leon Osman,2,2014/2015
1, Fernando,2,2014/2015
2, Tomas Rosicky,2,2014/2015
3, Ramires,2,2014/2015
4, Ryan Shawcross,2,2014/2015
5, Andros Townsend,2,2014/2015
6, Jack Wilshere,2,2014/2015
7, Ashley Young,2,2014/2015
8, Mauro Zárate,2,2014/2015
9, Rolando Aarons,1,2014/2015
10, Toby Alderweireld,1,2014/2015
11, Joe Allen,1,2014/2015
12, Sone Aluko,1,2014/2015
13, Marko Arnautovic,1,2014/2015
14, Mario Balotelli,1,2014/2015
15, Joey Barton,1,2014/2015
16, Fabio Borini,1,2014/2015
17, Rémy Cabella,1,2014/2015
18, Gary Cahill,1,2014/2015
19, Emre Can,1,2014/2015
0, Michael Carrick,1,2014/2015
1, Nélson Oliveira,1,2014/2015
2, Lee Cattermole,1,2014/2015
3, Steven Caulker,1,2014/2015
4, Calum Chambers,1,2014/2015
5, Ciaran Clark,1,2014/2015
6, Gaël Clichy,1,2014/2015
7, Joe Cole,1,2014/2015
8, Fabricio Coloccini,1,2014/2015
9, Michael Dawson,1,2014/2015
10, Siem de Jong,1,2014/2015
11, Mathieu Debuchy,1,2014/2015
12, Mousa Dembélé,1,2014/2015
13, Martín Demichelis,1,2014/2015
14, Graham Dorrans,1,2014/2015
15, Mathieu Flamini,1,2014/2015
16, Darren Fletcher,1,2014/2015
17, Silvestre Varela,1,2014/2015
18, Danny Graham,1,2014/2015
19, Sandro,1,2014/2015
0, Jonás Gutiérrez,1,2014/2015
1, Clint Hill,1,2014/2015
2, Robert Huth,1,2014/2015
3, Alan Hutton,1,2014/2015
4, Daryl Janmaat,1,2014/2015
5, Glen Johnson,1,2014/2015
6, Michael Kightly,1,2014/2015
7, Paul Konchesky,1,2014/2015
8, Arouna Koné,1,2014/2015
9, Joleon Lescott,1,2014/2015
10, Jake Livermore,1,2014/2015
11, Ryan Mason,1,2014/2015
12, Nemanja Matic,1,2014/2015
13, Gareth McAuley,1,2014/2015
14, Aiden McGeady,1,2014/2015
15, Paul McShane,1,2014/2015
16, David Meyler,1,2014/2015
17, Jefferson Montero,1,2014/2015
18, Kevin Nolan,1,2014/2015
19, Gabriel Obertan,1,2014/2015
0, Jores Okore,1,2014/2015
1, Jonas Olsson,1,2014/2015
2, Alex Oxlade-Chamberlain,1,2014/2015
3, Stephen Quinn,1,2014/2015
4, Gastón Ramírez,1,2014/2015
5, Winston Reid,1,2014/2015
6, Emmanuel Rivière,1,2014/2015
7, Carlos Sánchez,1,2014/2015
8, Stéphane Sessegnon,1,2014/2015
9, Scott Sinclair,1,2014/2015
10, Martin Skrtel,1,2014/2015
11, Roberto Soldado,1,2014/2015
12, John Stones,1,2014/2015
13, Steven Taylor,1,2014/2015
14, James Tomkins,1,2014/2015
15, Ross Wallace,1,2014/2015
16, Joel Ward,1,2014/2015
17, James Ward-Prowse,1,2014/2015
18, Marcin Wasilewski,1,2014/2015
19, Mike Williamson,1,2014/2015
0, James Wilson,1,2014/2015
1, Chris Wood,1,2014/2015
2, Maya Yoshida,1,2014/2015
3, Pablo Zabaleta,1,2014/2015
0, Luis Suárez,31,2013/2014
1, Daniel Sturridge,21,2013/2014
2, Yaya Touré,20,2013/2014
3, Sergio Agüero,17,2013/2014
4, Wayne Rooney,17,2013/2014
5, Wilfried Bony,16,2013/2014
6, Edin Dzeko,16,2013/2014
7, Olivier Giroud,16,2013/2014
8, Romelu Lukaku,15,2013/2014
9, Jay Rodriguez,15,2013/2014
10, Eden Hazard,14,2013/2014
11, Loïc Remy,14,2013/2014
12, Steven Gerrard,13,2013/2014
13, Rickie Lambert,13,2013/2014
14, Robin van Persie,12,2013/2014
15, Emmanuel Adebayor,11,2013/2014
16, Christian Benteke,10,2013/2014
17, Aaron Ramsey,10,2013/2014
18, Samuel Eto'o,9,2013/2014
19, Adam Lallana,9,2013/2014
0, Álvaro Negredo,9,2013/2014
1, Raheem Sterling,9,2013/2014
2, Danny Welbeck,9,2013/2014
3, Peter Crouch,8,2013/2014
4, Oscar,8,2013/2014
5, Adam Johnson,8,2013/2014
6, Kevin Mirallas,8,2013/2014
7, Lukas Podolski,8,2013/2014
8, André Schürrle,8,2013/2014
9, Charlie Adam,7,2013/2014
10, Fabio Borini,7,2013/2014
11, Yohan Cabaye,7,2013/2014
12, Christian Eriksen,7,2013/2014
13, Dwight Gayle,7,2013/2014
14, Shane Long,7,2013/2014
15, Jordon Mutch,7,2013/2014
16, Samir Nasri,7,2013/2014
17, Kevin Nolan,7,2013/2014
18, Jason Puncheon,7,2013/2014
19, Steve Sidwell,7,2013/2014
0, David Silva,7,2013/2014
1, Martin Skrtel,7,2013/2014
2, Ross Barkley,6,2013/2014
3, Paulinho,6,2013/2014
4, Fraizer Campbell,6,2013/2014
5, Carlton Cole,6,2013/2014
6, Seamus Coleman,6,2013/2014
7, Nathan Dyer,6,2013/2014
8, Yoan Gouffran,6,2013/2014
9, Gary Hooper,6,2013/2014
10, Frank Lampard,6,2013/2014
11, Juan Mata,6,2013/2014
12, Peter Odemwingie,6,2013/2014
13, Jonjo Shelvey,6,2013/2014
14, Robert Snodgrass,6,2013/2014
15, Roberto Soldado,6,2013/2014
16, Demba Ba,5,2013/2014
17, Leandro Bacuna,5,2013/2014
18, Leighton Baines,5,2013/2014
19, Saido Berahino,5,2013/2014
0, Steven Caulker,5,2013/2014
1, Marouane Chamakh,5,2013/2014
2, Coutinho,5,2013/2014
3, Ashkan Dejagah,5,2013/2014
4, Fernandinho,5,2013/2014
5, Steven Naismith,5,2013/2014
6, Mesut Özil,5,2013/2014
7, Stéphane Sessegnon,5,2013/2014
8, Gylfi Sigurdsson,5,2013/2014
9, Fernando Torres,5,2013/2014
10, Theo Walcott,5,2013/2014
11, Jonathan Walters,5,2013/2014
12, Andreas Weimann,5,2013/2014
13, Connor Wickham,5,2013/2014
14, Gabriel Agbonlahor,4,2013/2014
15, Morgan Amalfitano,4,2013/2014
16, Marko Arnautovic,4,2013/2014
17, Oussama Assaidi,4,2013/2014
18, Dimitar Berbatov,4,2013/2014
19, Willian,4,2013/2014
0, Santiago Cazorla,4,2013/2014
1, Jonathan de Guzmán,4,2013/2014
2, Mohamed Diamé,4,2013/2014
3, Emanuele Giaccherini,4,2013/2014
4, Jordan Henderson,4,2013/2014
5, Chicharito,4,2013/2014
6, Adnan Januzaj,4,2013/2014
7, Nikica Jelavic,4,2013/2014
8, Vincent Kompany,4,2013/2014
9, Libor Kozák,4,2013/2014
10, Jesús Navas,4,2013/2014
11, Kieran Richardson,4,2013/2014
12, Victor Anichebe,3,2013/2014
13, Gareth Barry,3,2013/2014
14, Hatem Ben Arfa,3,2013/2014
15, Darren Bent,3,2013/2014
16, Robbie Brady,3,2013/2014
17, Chris Brunt,3,2013/2014
18, Jack Colback,3,2013/2014
19, Joe Cole,3,2013/2014
0, José Fonte,3,2013/2014
1, Fabian Delph,3,2013/2014
2, Gerard Deulofeu,3,2013/2014
3, Leroy Fer,3,2013/2014
4, Steven Fletcher,3,2013/2014
5, Tom Huddlestone,3,2013/2014
6, Branislav Ivanovic,3,2013/2014
7, Bradley Johnson,3,2013/2014
8, Stevan Jovetic,3,2013/2014
9, Harry Kane,3,2013/2014
10, Pajtim Kasami,3,2013/2014
11, Ki Sung-yueng,3,2013/2014
12, Jake Livermore,3,2013/2014
13, Ravel Morrison,3,2013/2014
14, Mark Noble,3,2013/2014
15, Leon Osman,3,2013/2014
16, Pablo Daniel Osvaldo,3,2013/2014
17, Moussa Sissoko,3,2013/2014
18, Matej Vydra,3,2013/2014
19, Ashley Westwood,3,2013/2014
0, Peter Whittingham,3,2013/2014
1, Jack Wilshere,3,2013/2014
2, Daniel Agger,2,2013/2014
3, Shola Ameobi,2,2013/2014
4, Nicolas Anelka,2,2013/2014
5, Mikel Arteta,2,2013/2014
6, Phil Bardsley,2,2013/2014
7, Nicklas Bendtner,2,2013/2014
8, Thievy,2,2013/2014
9, George Boyd,2,2013/2014
10, Geoff Cameron,2,2013/2014
11, Andy Carroll,2,2013/2014
12, Papiss Demba Cissé,2,2013/2014
13, Ben Davies,2,2013/2014
14, Curtis Davies,2,2013/2014
15, Steven Davis,2,2013/2014
16, Martín Demichelis,2,2013/2014
17, Graham Dorrans,2,2013/2014
18, Karim El Ahmadi,2,2013/2014
19, Ahmed El Mohamady,2,2013/2014
0, Mathieu Flamini,2,2013/2014
1, Chico Flores,2,2013/2014
2, Matty Fryatt,2,2013/2014
3, Craig Gardner,2,2013/2014
4, Pablo Hernández,2,2013/2014
5, Lewis Holtby,2,2013/2014
6, Jonny Howson,2,2013/2014
7, Stephen Ireland,2,2013/2014
8, Matthew Jarvis,2,2013/2014
9, Cameron Jerome,2,2013/2014
10, Robert Koren,2,2013/2014
11, Laurent Koscielny,2,2013/2014
12, Roland Lamah,2,2013/2014
13, Joe Ledley,2,2013/2014
14, Dejan Lovren,2,2013/2014
15, Gareth McAuley,2,2013/2014
16, Per Mertesacker,2,2013/2014
17, David Meyler,2,2013/2014
18, Youssouf Mulumbu,2,2013/2014
19, Steven N'Zonzi,2,2013/2014
0, Bryan Oviedo,2,2013/2014
1, Alex Oxlade-Chamberlain,2,2013/2014
2, Scott Parker,2,2013/2014
3, Michu,2,2013/2014
4, Hugo Rodallega,2,2013/2014
5, Tomas Rosicky,2,2013/2014
6, Wayne Routledge,2,2013/2014
7, Yannick Sagbo,2,2013/2014
8, Mohamed Salah,2,2013/2014
9, Morgan Schneiderlin,2,2013/2014
10, John Terry,2,2013/2014
11, Juan Cala,2,2013/2014
12, Antonio Valencia,2,2013/2014
13, Ricardo Vaz Te,2,2013/2014
14, James Wilson,2,2013/2014
15, Ashley Young,2,2013/2014
16, Joe Allen,1,2013/2014
17, Jozy Altidore,1,2013/2014
18, Sone Aluko,1,2013/2014
19, Fernando Amorebieta,1,2013/2014
0, Vurnon Anita,1,2013/2014
1, Barry Bannan,1,2013/2014
2, Asmir Begovic,1,2013/2014
3, Craig Bellamy,1,2013/2014
4, Ryan Bennett,1,2013/2014
5, Gary Cahill,1,2013/2014
6, Etienne Capoue,1,2013/2014
7, Michael Carrick,1,2013/2014
8, Lee Cattermole,1,2013/2014
9, Nacer Chadli,1,2013/2014
10, James Chester,1,2013/2014
11, Vlad Chiriches,1,2013/2014
12, Tom Cleverley,1,2013/2014
13, James Collins,1,2013/2014
14, Scott Dann,1,2013/2014
15, Chris David,1,2013/2014
16, Mathieu Debuchy,1,2013/2014
17, Jermain Defoe,1,2013/2014
18, Damien Delaney,1,2013/2014
19, Mousa Dembélé,1,2013/2014
0, Guy Demel,1,2013/2014
1, Stewart Downing,1,2013/2014
2, Paul Dummett,1,2013/2014
3, Johan Elmander,1,2013/2014
4, Marvin Emnes,1,2013/2014
5, Patrice Evra,1,2013/2014
6, Jon Flanagan,1,2013/2014
7, Danny Gabbidon,1,2013/2014
8, Sam Gallagher,1,2013/2014
9, Serge Gnabry,1,2013/2014
10, Danny Graham,1,2013/2014
11, Sandro,1,2013/2014
12, Aron Gunnarsson,1,2013/2014
13, John Heitinga,1,2013/2014
14, Grant Holt,1,2013/2014
15, Wes Hoolahan,1,2013/2014
16, Tom Ince,1,2013/2014
17, Mile Jedinak,1,2013/2014
18, Carl Jenkinson,1,2013/2014
19, Phil Jones,1,2013/2014
0, Kenwyne Jones,1,2013/2014
1, Younes Kaboul,1,2013/2014
2, Alexander Kacaniklic,1,2013/2014
3, Kim Bo-Kyung,1,2013/2014
4, Aleksandar Kolarov,1,2013/2014
5, Sebastian Larsson,1,2013/2014
6, Aaron Lennon,1,2013/2014
7, Diego Lugano,1,2013/2014
8, Antonio Luna,1,2013/2014
9, Modibo Maiga,1,2013/2014
10, Adrian Mariappa,1,2013/2014
11, James McCarthy,1,2013/2014
12, John Obi Mikel,1,2013/2014
13, James Milner,1,2013/2014
14, James Morrison,1,2013/2014
15, Victor Moses,1,2013/2014
16, Glenn Murray,1,2013/2014
17, Mats Møller Dæhli,1,2013/2014
18, Craig Noone,1,2013/2014
19, Stuart O'Keefe,1,2013/2014
0, John O'Shea,1,2013/2014
1, Jonas Olsson,1,2013/2014
2, Jermaine Pennant,1,2013/2014
3, Steven Pienaar,1,2013/2014
4, Erik Pieters,1,2013/2014
5, Anthony Pilkington,1,2013/2014
6, Gastón Ramírez,1,2013/2014
7, Nathan Redmond,1,2013/2014
8, Winston Reid,1,2013/2014
9, Liam Ridgewell,1,2013/2014
10, Danny Rose,1,2013/2014
11, Liam Rosenior,1,2013/2014
12, Bryan Ruiz,1,2013/2014
13, Bacary Sagna,1,2013/2014
14, Mamadou Sakho,1,2013/2014
15, Ramires,1,2013/2014
16, Philippe Senderos,1,2013/2014
17, Ryan Shawcross,1,2013/2014
18, Chris Smalling,1,2013/2014
19, Steven Taylor,1,2013/2014
0, Alexander Tettey,1,2013/2014
1, Andros Townsend,1,2013/2014
2, Ricky van Wolfswinkel,1,2013/2014
3, Kyle Walker,1,2013/2014
4, Steven Whittaker,1,2013/2014
5, Ashley Williams,1,2013/2014
6, Cauley Woodrow,1,2013/2014
7, Claudio Yacob,1,2013/2014
8, Maya Yoshida,1,2013/2014
9, Pablo Zabaleta,1,2013/2014
0, Robin van Persie,26,2012/2013
1, Luis Suárez,23,2012/2013
2, Gareth Bale,21,2012/2013
3, Christian Benteke,19,2012/2013
4, Michu,18,2012/2013
5, Romelu Lukaku,17,2012/2013
6, Demba Ba,15,2012/2013
7, Dimitar Berbatov,15,2012/2013
8, Rickie Lambert,15,2012/2013
9, Frank Lampard,15,2012/2013
10, Edin Dzeko,14,2012/2013
11, Theo Walcott,14,2012/2013
12, Sergio Agüero,12,2012/2013
13, Santiago Cazorla,12,2012/2013
14, Adam Le Fondre,12,2012/2013
15, Juan Mata,12,2012/2013
16, Wayne Rooney,12,2012/2013
17, Jermain Defoe,11,2012/2013
18, Marouane Fellaini,11,2012/2013
19, Steven Fletcher,11,2012/2013
0, Olivier Giroud,11,2012/2013
1, Arouna Koné,11,2012/2013
2, Lukas Podolski,11,2012/2013
3, Daniel Sturridge,11,2012/2013
4, Carlos Tevez,11,2012/2013
5, Chicharito,10,2012/2013
6, Kevin Nolan,10,2012/2013
7, Gabriel Agbonlahor,9,2012/2013
8, Steven Gerrard,9,2012/2013
9, Eden Hazard,9,2012/2013
10, Papiss Demba Cissé,8,2012/2013
11, Grant Holt,8,2012/2013
12, Shane Long,8,2012/2013
13, Fernando Torres,8,2012/2013
14, Jonathan Walters,8,2012/2013
15, Andy Carroll,7,2012/2013
16, Peter Crouch,7,2012/2013
17, Clint Dempsey,7,2012/2013
18, Nikica Jelavic,7,2012/2013
19, Hal Robson-Kanu,7,2012/2013
0, Stéphane Sessegnon,7,2012/2013
1, Yaya Touré,7,2012/2013
2, Andreas Weimann,7,2012/2013
3, Victor Anichebe,6,2012/2013
4, Mikel Arteta,6,2012/2013
5, Yohan Cabaye,6,2012/2013
6, Craig Gardner,6,2012/2013
7, Shinji Kagawa,6,2012/2013
8, Shaun Maloney,6,2012/2013
9, Kevin Mirallas,6,2012/2013
10, Steven Pienaar,6,2012/2013
11, Jason Puncheon,6,2012/2013
12, Loïc Remy,6,2012/2013
13, Jay Rodriguez,6,2012/2013
14, Robert Snodgrass,6,2012/2013
15, Emmanuel Adebayor,5,2012/2013
16, Leighton Baines,5,2012/2013
17, Jonathan de Guzmán,5,2012/2013
18, Franco Di Santo,5,2012/2013
19, Jordan Henderson,5,2012/2013
0, Branislav Ivanovic,5,2012/2013
1, Adam Johnson,5,2012/2013
2, Jimmy Kébé,5,2012/2013
3, Gervinho,5,2012/2013
4, James Morrison,5,2012/2013
5, Peter Odemwingie,5,2012/2013
6, Leon Osman,5,2012/2013
7, Mladen Petric,5,2012/2013
8, Anthony Pilkington,5,2012/2013
9, Pavel Pogrebnyak,5,2012/2013
10, Gastón Ramírez,5,2012/2013
11, Wayne Routledge,5,2012/2013
12, Bryan Ruiz,5,2012/2013
13, Ramires,5,2012/2013
14, Morgan Schneiderlin,5,2012/2013
15, Adel Taarabt,5,2012/2013
16, Hatem Ben Arfa,4,2012/2013
17, Emmerson Boyce,4,2012/2013
18, Oscar,4,2012/2013
19, Patrice Evra,4,2012/2013
0, Zoltán Gera,4,2012/2013
1, Alexander Kacaniklic,4,2012/2013
2, Aaron Lennon,4,2012/2013
3, James Milner,4,2012/2013
4, Steven Naismith,4,2012/2013
5, Mark Noble,4,2012/2013
6, Steve Sidwell,4,2012/2013
7, David Silva,4,2012/2013
8, John Terry,4,2012/2013
9, Jan Vertonghen,4,2012/2013
10, Bobby Zamora,4,2012/2013
11, Charlie Adam,3,2012/2013
12, Daniel Agger,3,2012/2013
13, Sebastien Bassong,3,2012/2013
14, Darren Bent,3,2012/2013
15, Djibril Cissé,3,2012/2013
16, Joe Cole,3,2012/2013
17, Coutinho,3,2012/2013
18, Mohamed Diamé,3,2012/2013
19, Stewart Downing,3,2012/2013
0, Damien Duff,3,2012/2013
1, Nathan Dyer,3,2012/2013
2, Jonny Evans,3,2012/2013
3, Jordi Gómez,3,2012/2013
4, Yoan Gouffran,3,2012/2013
5, Danny Graham,3,2012/2013
6, Pablo Hernández,3,2012/2013
7, Wes Hoolahan,3,2012/2013
8, Cameron Jerome,3,2012/2013
9, Kenwyne Jones,3,2012/2013
10, Michael Kightly,3,2012/2013
11, Adam Lallana,3,2012/2013
12, Russell Martin,3,2012/2013
13, James McArthur,3,2012/2013
14, Gareth McAuley,3,2012/2013
15, James McCarthy,3,2012/2013
16, Garath McCleary,3,2012/2013
17, Per Mertesacker,3,2012/2013
18, Luke Moore,3,2012/2013
19, Rafael,3,2012/2013
0, Angel Rangel,3,2012/2013
1, Hugo Rodallega,3,2012/2013
2, Gylfi Sigurdsson,3,2012/2013
3, Moussa Sissoko,3,2012/2013
4, Michael Turner,3,2012/2013
5, Ricardo Vaz Te,3,2012/2013
6, Chris Baird,2,2012/2013
7, Chris Brunt,2,2012/2013
8, Alexander Büttner,2,2012/2013
9, Gary Cahill,2,2012/2013
10, Steven Caulker,2,2012/2013
11, Tom Cleverley,2,2012/2013
12, Carlton Cole,2,2012/2013
13, Jack Collison,2,2012/2013
14, José Fonte,2,2012/2013
15, Steven Davis,2,2012/2013
16, José Enrique,2,2012/2013
17, Marc-Antoine Fortuné,2,2012/2013
18, Javi García,2,2012/2013
19, Ryan Giggs,2,2012/2013
0, Jonny Howson,2,2012/2013
1, Noel Hunt,2,2012/2013
2, Phil Jagielka,2,2012/2013
3, Matthew Jarvis,2,2012/2013
4, Jermaine Jenas,2,2012/2013
5, Laurent Koscielny,2,2012/2013
6, Matthew Lowton,2,2012/2013
7, David Luiz,2,2012/2013
8, Jamie Mackie,2,2012/2013
9, Modibo Maiga,2,2012/2013
10, James McClean,2,2012/2013
11, Callum McManaman,2,2012/2013
12, Sean Morrison,2,2012/2013
13, Youssouf Mulumbu,2,2012/2013
14, Charles N'Zogbia,2,2012/2013
15, Samir Nasri,2,2012/2013
16, Joey O'Brien,2,2012/2013
17, John O'Shea,2,2012/2013
18, Iván Ramis,2,2012/2013
19, Jack Rodwell,2,2012/2013
0, Tomas Rosicky,2,2012/2013
1, Martin Skrtel,2,2012/2013
2, Raheem Sterling,2,2012/2013
3, Andros Townsend,2,2012/2013
4, Ron Vlaar,2,2012/2013
5, Pablo Zabaleta,2,2012/2013
6, Nani,1,2012/2013
7, Shola Ameobi,1,2012/2013
8, Benoit Assou-Ekotto,1,2012/2013
9, Mario Balotelli,1,2012/2013
10, Phil Bardsley,1,2012/2013
11, Gareth Barry,1,2012/2013
12, Jean Beausejour,1,2012/2013
13, Elliott Bennett,1,2012/2013
14, Ryan Bennett,1,2012/2013
15, Gael Bigirimana,1,2012/2013
16, Fabio Borini,1,2012/2013
17, Jay Bothroyd,1,2012/2013
18, Gary Caldwell,1,2012/2013
19, Fraizer Campbell,1,2012/2013
0, Michael Carrick,1,2012/2013
1, Ciaran Clark,1,2012/2013
2, Nathaniel Clyne,1,2012/2013
3, Ashley Cole,1,2012/2013
4, Carlos Cuellar,1,2012/2013
5, Ben Davies,1,2012/2013
6, Michael Dawson,1,2012/2013
7, Anderson,1,2012/2013
8, Mousa Dembélé,1,2012/2013
9, Graham Dorrans,1,2012/2013
10, Karim El Ahmadi,1,2012/2013
11, Urby Emanuelson,1,2012/2013
12, Roger Espinoza,1,2012/2013
13, Rio Ferdinand,1,2012/2013
14, Maynor Figueroa,1,2012/2013
15, Darren Fletcher,1,2012/2013
16, Daniel Fox,1,2012/2013
17, William Gallas,1,2012/2013
18, Darron Gibson,1,2012/2013
19, Kaspars Gorkss,1,2012/2013
0, Esteban Granero,1,2012/2013
1, Sandro,1,2012/2013
2, Danny Guthrie,1,2012/2013
3, Jonás Gutiérrez,1,2012/2013
4, Ángelo Henríquez,1,2012/2013
5, David Junior Hoilett,1,2012/2013
6, Brett Holman,1,2012/2013
7, Robert Huth,1,2012/2013
8, Simeon Jackson,1,2012/2013
9, Bradley Johnson,1,2012/2013
10, Glen Johnson,1,2012/2013
11, Billy Jones,1,2012/2013
12, Kei Kamara,1,2012/2013
13, Jem Karacan,1,2012/2013
14, Giorgos Karagounis,1,2012/2013
15, Aleksandar Kolarov,1,2012/2013
16, Vincent Kompany,1,2012/2013
17, Sebastian Larsson,1,2012/2013
18, Mikele Leigertwood,1,2012/2013
19, Joleon Lescott,1,2012/2013
0, Adrian Mariappa,1,2012/2013
1, Marko Marin,1,2012/2013
2, Sylvain Marveaux,1,2012/2013
3, Nacho Monreal,1,2012/2013
4, Steve Morison,1,2012/2013
5, Victor Moses,1,2012/2013
6, Steven N'Zonzi,1,2012/2013
7, Ryan Nelsen,1,2012/2013
8, Gary O'Neil,1,2012/2013
9, Michael Owen,1,2012/2013
10, Alex Oxlade-Chamberlain,1,2012/2013
11, James Perch,1,2012/2013
12, Nick Powell,1,2012/2013
13, Aaron Ramsey,1,2012/2013
14, Winston Reid,1,2012/2013
15, Kieran Richardson,1,2012/2013
16, Sascha Riether,1,2012/2013
17, Danny Rose,1,2012/2013
18, Nuri Sahin,1,2012/2013
19, Davide Santon,1,2012/2013
0, Paul Scholes,1,2012/2013
1, Ryan Shawcross,1,2012/2013
2, Etey Shechter,1,2012/2013
3, Jonjo Shelvey,1,2012/2013
4, Scott Sinclair,1,2012/2013
5, Matthew Taylor,1,2012/2013
6, Dwight Tiendalli,1,2012/2013
7, James Tomkins,1,2012/2013
8, Matt Upson,1,2012/2013
9, Antonio Valencia,1,2012/2013
10, David Vaughan,1,2012/2013
11, Nemanja Vidic,1,2012/2013
12, Ben Watson,1,2012/2013
13, Danny Welbeck,1,2012/2013
14, Dean Whitehead,1,2012/2013
15, Steven Whittaker,1,2012/2013
16, Shaun Wright-Phillips,1,2012/2013
0, Robin van Persie,30,2011/2012
1, Wayne Rooney,27,2011/2012
2, Sergio Agüero,23,2011/2012
3, Emmanuel Adebayor,17,2011/2012
4, Yakubu,17,2011/2012
5, Clint Dempsey,17,2011/2012
6, Demba Ba,16,2011/2012
7, Grant Holt,15,2011/2012
8, Edin Dzeko,14,2011/2012
9, Mario Balotelli,13,2011/2012
10, Papiss Demba Cissé,13,2011/2012
11, Steven Fletcher,12,2011/2012
12, Danny Graham,12,2011/2012
13, Jermain Defoe,11,2011/2012
14, Frank Lampard,11,2011/2012
15, Daniel Sturridge,11,2011/2012
16, Luis Suárez,11,2011/2012
17, Rafael van der Vaart,11,2011/2012
18, Peter Crouch,10,2011/2012
19, Chicharito,10,2011/2012
0, Peter Odemwingie,10,2011/2012
1, Gareth Bale,9,2011/2012
2, Darren Bent,9,2011/2012
3, Nikica Jelavic,9,2011/2012
4, Steve Morison,9,2011/2012
5, Danny Welbeck,9,2011/2012
6, Nani,8,2011/2012
7, Nicklas Bendtner,8,2011/2012
8, Heidar Helguson,8,2011/2012
9, Matthew Jarvis,8,2011/2012
10, Ivan Klasnic,8,2011/2012
11, Shane Long,8,2011/2012
12, Anthony Pilkington,8,2011/2012
13, Scott Sinclair,8,2011/2012
14, Theo Walcott,8,2011/2012
15, Mikel Arteta,7,2011/2012
16, Dimitar Berbatov,7,2011/2012
17, Franco Di Santo,7,2011/2012
18, David Junior Hoilett,7,2011/2012
19, Sebastian Larsson,7,2011/2012
0, Jamie Mackie,7,2011/2012
1, Stéphane Sessegnon,7,2011/2012
2, Gylfi Sigurdsson,7,2011/2012
3, Jonathan Walters,7,2011/2012
4, Bobby Zamora,7,2011/2012
5, Craig Bellamy,6,2011/2012
6, Djibril Cissé,6,2011/2012
7, Kevin Davies,6,2011/2012
8, Adam Johnson,6,2011/2012
9, Juan Mata,6,2011/2012
10, Victor Moses,6,2011/2012
11, Pavel Pogrebnyak,6,2011/2012
12, David Silva,6,2011/2012
13, John Terry,6,2011/2012
14, Fernando Torres,6,2011/2012
15, Yaya Touré,6,2011/2012
16, Thomas Vermaelen,6,2011/2012
17, Ashley Young,6,2011/2012
18, Gabriel Agbonlahor,5,2011/2012
19, Hatem Ben Arfa,5,2011/2012
0, Didier Drogba,5,2011/2012
1, Nathan Dyer,5,2011/2012
2, Steven Gerrard,5,2011/2012
3, Jordi Gómez,5,2011/2012
4, James McClean,5,2011/2012
5, James Morrison,5,2011/2012
6, Samir Nasri,5,2011/2012
7, Leon Osman,5,2011/2012
8, Ramires,5,2011/2012
9, Joe Allen,4,2011/2012
10, Victor Anichebe,4,2011/2012
11, Leighton Baines,4,2011/2012
12, Yossi Benayoun,4,2011/2012
13, Leon Best,4,2011/2012
14, Yohan Cabaye,4,2011/2012
15, Andy Carroll,4,2011/2012
16, Mark Davies,4,2011/2012
17, Kevin Doyle,4,2011/2012
18, Chris Eagles,4,2011/2012
19, Mauro Formica,4,2011/2012
0, Wes Hoolahan,4,2011/2012
1, Cameron Jerome,4,2011/2012
2, Gervinho,4,2011/2012
3, Luka Modric,4,2011/2012
4, Martin Petrov,4,2011/2012
5, Stiliyan Petrov,4,2011/2012
6, Steven Pienaar,4,2011/2012
7, Maxi Rodríguez,4,2011/2012
8, Louis Saha,4,2011/2012
9, Paul Scholes,4,2011/2012
10, Andrew Surman,4,2011/2012
11, Carlos Tevez,4,2011/2012
12, Antonio Valencia,4,2011/2012
13, Joey Barton,3,2011/2012
14, Emmerson Boyce,3,2011/2012
15, Gary Cahill,3,2011/2012
16, Gary Caldwell,3,2011/2012
17, Mohamed Diamé,3,2011/2012
18, Graham Dorrans,3,2011/2012
19, Royston Drenthe,3,2011/2012
0, David Edwards,3,2011/2012
1, Matthew Etherington,3,2011/2012
2, Marouane Fellaini,3,2011/2012
3, Craig Gardner,3,2011/2012
4, Stephen Hunt,3,2011/2012
5, Robert Huth,3,2011/2012
6, Branislav Ivanovic,3,2011/2012
7, Simeon Jackson,3,2011/2012
8, Andrew Johnson,3,2011/2012
9, Robbie Keane,3,2011/2012
10, Michael Kightly,3,2011/2012
11, Vincent Kompany,3,2011/2012
12, Aaron Lennon,3,2011/2012
13, Shaun Maloney,3,2011/2012
14, James McArthur,3,2011/2012
15, James Milner,3,2011/2012
16, David N'Gog,3,2011/2012
17, Morten Gamst Pedersen,3,2011/2012
18, Nigel Reo-Coker,3,2011/2012
19, Paul Scharner,3,2011/2012
0, Apostolos Vellios,3,2011/2012
1, Stephen Ward,3,2011/2012
2, Ben Watson,3,2011/2012
3, Charlie Adam,2,2011/2012
4, Marc Albrighton,2,2011/2012
5, Antolin Alcaraz,2,2011/2012
6, Shola Ameobi,2,2011/2012
7, Keith Andrews,2,2011/2012
8, Benoit Assou-Ekotto,2,2011/2012
9, Jay Bothroyd,2,2011/2012
10, Chris Brunt,2,2011/2012
11, Ákos Buzsáky,2,2011/2012
12, Tim Cahill,2,2011/2012
13, Michael Carrick,2,2011/2012
14, André Santos,2,2011/2012
15, Anderson,2,2011/2012
16, Rory Delap,2,2011/2012
17, Mousa Dembélé,2,2011/2012
18, Damien Duff,2,2011/2012
19, David Dunn,2,2011/2012
0, Marc-Antoine Fortuné,2,2011/2012
1, Ryan Giggs,2,2011/2012
2, David Goodwillie,2,2011/2012
3, Jonás Gutiérrez,2,2011/2012
4, Jordan Henderson,2,2011/2012
5, Phil Jagielka,2,2011/2012
6, Dong-Won Ji,2,2011/2012
7, Bradley Johnson,2,2011/2012
8, Aleksandar Kolarov,2,2011/2012
9, Laurent Koscielny,2,2011/2012
10, Dirk Kuyt,2,2011/2012
11, Joleon Lescott,2,2011/2012
12, Leroy Lita,2,2011/2012
13, David Luiz,2,2011/2012
14, Florent Malouda,2,2011/2012
15, Russell Martin,2,2011/2012
16, Gareth McAuley,2,2011/2012
17, Raul Meireles,2,2011/2012
18, Luke Moore,2,2011/2012
19, Danny Murphy,2,2011/2012
0, Charles N'Zogbia,2,2011/2012
1, Steven N'Zonzi,2,2011/2012
2, Jamie O'Hara,2,2011/2012
3, Jonas Olsson,2,2011/2012
4, Alex Oxlade-Chamberlain,2,2011/2012
5, Park Ji-Sung,2,2011/2012
6, Aaron Ramsey,2,2011/2012
7, Kieran Richardson,2,2011/2012
8, Rubén Rochina,2,2011/2012
9, Hugo Rodallega,2,2011/2012
10, Jack Rodwell,2,2011/2012
11, Bryan Ruiz,2,2011/2012
12, Christopher Samba,2,2011/2012
13, Ryan Shawcross,2,2011/2012
14, Martin Skrtel,2,2011/2012
15, Tommy Smith,2,2011/2012
16, Adel Taarabt,2,2011/2012
17, Ryan Taylor,2,2011/2012
18, David Vaughan,2,2011/2012
19, Kyle Walker,2,2011/2012
0, Stephen Warnock,2,2011/2012
1, Andreas Weimann,2,2011/2012
2, David Wheater,2,2011/2012
3, Luke Young,2,2011/2012
4, Daniel Agger,1,2011/2012
5, Marcos Alonso,1,2011/2012
6, Nicolas Anelka,1,2011/2012
7, Andrey Arshavin,1,2011/2012
8, Barry Bannan,1,2011/2012
9, Phil Bardsley,1,2011/2012
10, Leon Barnett,1,2011/2012
11, Gareth Barry,1,2011/2012
12, Elliott Bennett,1,2011/2012
13, José Bosingwa,1,2011/2012
14, Dedryck Boyata,1,2011/2012
15, Orlando Sá,1,2011/2012
16, Titus Bramble,1,2011/2012
17, Wes Brown,1,2011/2012
18, DJ Campbell,1,2011/2012
19, Fraizer Campbell,1,2011/2012
0, Marouane Chamakh,1,2011/2012
1, Ciaran Clark,1,2011/2012
2, Sebastián Coates,1,2011/2012
3, Jack Colback,1,2011/2012
4, James Collins,1,2011/2012
5, Albert Crusat,1,2011/2012
6, Scott Dann,1,2011/2012
7, Ritchie de Laet,1,2011/2012
8, Shaun Derry,1,2011/2012
9, Samba Diakité,1,2011/2012
10, Mahamadou Diarra,1,2011/2012
11, Richard Dunne,1,2011/2012
12, Sylvan Ebanks-Blake,1,2011/2012
13, Ahmed El Mohamady,1,2011/2012
14, Jonny Evans,1,2011/2012
15, Alejandro Faurlin,1,2011/2012
16, Darren Fletcher,1,2011/2012
17, Kieran Gibbs,1,2011/2012
18, Darron Gibson,1,2011/2012
19, Dan Gosling,1,2011/2012
0, Magaye Gueye,1,2011/2012
1, Danny Guthrie,1,2011/2012
2, Grant Hanley,1,2011/2012
3, John Heitinga,1,2011/2012
4, Thierry Henry,1,2011/2012
5, Chris Herd,1,2011/2012
6, Emile Heskey,1,2011/2012
7, Tim Howard,1,2011/2012
8, Jonny Howson,1,2011/2012
9, Stephen Ireland,1,2011/2012
10, Glen Johnson,1,2011/2012
11, Phil Jones,1,2011/2012
12, Kenwyne Jones,1,2011/2012
13, Younes Kaboul,1,2011/2012
14, Salomon Kalou,1,2011/2012
15, Niko Kranjcar,1,2011/2012
16, Eric Lichaj,1,2011/2012
17, Fabrice Muamba,1,2011/2012
18, Youssouf Mulumbu,1,2011/2012
19, Gabriel Obertan,1,2011/2012
0, Andrea Orlandi,1,2011/2012
1, Roman Pavlyuchenko,1,2011/2012
2, Darren Pratley,1,2011/2012
3, Steven Reid,1,2011/2012
4, Micah Richards,1,2011/2012
5, Sam Ricketts,1,2011/2012
6, Liam Ridgewell,1,2011/2012
7, Tomas Rosicky,1,2011/2012
8, Wayne Routledge,1,2011/2012
9, Bacary Sagna,1,2011/2012
10, Stefan Savic,1,2011/2012
11, Philippe Senderos,1,2011/2012
12, Jonjo Shelvey,1,2011/2012
13, Ryan Shotton,1,2011/2012
14, Steve Sidwell,1,2011/2012
15, Chris Smalling,1,2011/2012
16, Alexandre Song,1,2011/2012
17, Grétar Steinsson,1,2011/2012
18, Denis Stracqualursi,1,2011/2012
19, Taye Taiwo,1,2011/2012
0, Somen Tchoyi,1,2011/2012
1, Jerome Thomas,1,2011/2012
2, Matt Upson,1,2011/2012
3, Simon Vukcevic,1,2011/2012
4, Glenn Whelan,1,2011/2012
5, Connor Wickham,1,2011/2012
6, Aaron Wilbraham,1,2011/2012
7, Ashley Williams,1,2011/2012
8, Pablo Zabaleta,1,2011/2012
9, Ronald Zubar,1,2011/2012
0, Dimitar Berbatov,20,2010/2011
1, Carlos Tevez,20,2010/2011
2, Robin van Persie,18,2010/2011
3, Darren Bent,17,2010/2011
4, Peter Odemwingie,15,2010/2011
5, DJ Campbell,13,2010/2011
6, Andy Carroll,13,2010/2011
7, Chicharito,13,2010/2011
8, Dirk Kuyt,13,2010/2011
9, Florent Malouda,13,2010/2011
10, Rafael van der Vaart,13,2010/2011
11, Charlie Adam,12,2010/2011
12, Clint Dempsey,12,2010/2011
13, Kevin Nolan,12,2010/2011
14, Didier Drogba,11,2010/2011
15, Wayne Rooney,11,2010/2011
16, Johan Elmander,10,2010/2011
17, Steven Fletcher,10,2010/2011
18, Asamoah Gyan,10,2010/2011
19, Salomon Kalou,10,2010/2011
0, Frank Lampard,10,2010/2011
1, Samir Nasri,10,2010/2011
2, Maxi Rodríguez,10,2010/2011
3, Fernando Torres,10,2010/2011
4, Nani,9,2010/2011
5, Tim Cahill,9,2010/2011
6, Kenwyne Jones,9,2010/2011
7, Charles N'Zogbia,9,2010/2011
8, Roman Pavlyuchenko,9,2010/2011
9, Hugo Rodallega,9,2010/2011
10, Theo Walcott,9,2010/2011
11, Jermaine Beckford,8,2010/2011
12, Kevin Davies,8,2010/2011
13, Craig Gardner,8,2010/2011
14, Daniel Sturridge,8,2010/2011
15, Yaya Touré,8,2010/2011
16, Demba Ba,7,2010/2011
17, Gareth Bale,7,2010/2011
18, Marouane Chamakh,7,2010/2011
19, Stewart Downing,7,2010/2011
0, Sylvan Ebanks-Blake,7,2010/2011
1, Youssouf Mulumbu,7,2010/2011
2, Louis Saha,7,2010/2011
3, Ashley Young,7,2010/2011
4, Shola Ameobi,6,2010/2011
5, Nicolas Anelka,6,2010/2011
6, Andrey Arshavin,6,2010/2011
7, Mario Balotelli,6,2010/2011
8, Leon Best,6,2010/2011
9, Brede Hangeland,6,2010/2011
10, Robert Huth,6,2010/2011
11, Peter Løvenkrands,6,2010/2011
12, Frédéric Piquionne,6,2010/2011
13, Gary Taylor-Fletcher,6,2010/2011
14, Somen Tchoyi,6,2010/2011
15, Jonathan Walters,6,2010/2011
16, Danny Welbeck,6,2010/2011
17, Marc Albrighton,5,2010/2011
18, Leighton Baines,5,2010/2011
19, Carlton Cole,5,2010/2011
0, Kevin Doyle,5,2010/2011
1, Matthew Etherington,5,2010/2011
2, Marlon Harewood,5,2010/2011
3, David Junior Hoilett,5,2010/2011
4, Nikola Kalinic,5,2010/2011
5, Raul Meireles,5,2010/2011
6, Park Ji-Sung,5,2010/2011
7, Scott Parker,5,2010/2011
8, Jason Roberts,5,2010/2011
9, Luke Varney,5,2010/2011
10, Nemanja Vidic,5,2010/2011
11, Bobby Zamora,5,2010/2011
12, Nikola Zigic,5,2010/2011
13, Joey Barton,4,2010/2011
14, Lee Bowyer,4,2010/2011
15, Chris Brunt,4,2010/2011
16, Seamus Coleman,4,2010/2011
17, Peter Crouch,4,2010/2011
18, Simon Davies,4,2010/2011
19, Jermain Defoe,4,2010/2011
0, Damien Duff,4,2010/2011
1, Brett Emerton,4,2010/2011
2, Ricardo Fuller,4,2010/2011
3, Steven Gerrard,4,2010/2011
4, Branislav Ivanovic,4,2010/2011
5, Matthew Jarvis,4,2010/2011
6, Adam Johnson,4,2010/2011
7, Ivan Klasnic,4,2010/2011
8, Sebastian Larsson,4,2010/2011
9, James Morrison,4,2010/2011
10, Mark Noble,4,2010/2011
11, Leon Osman,4,2010/2011
12, Morten Gamst Pedersen,4,2010/2011
13, Kieran Richardson,4,2010/2011
14, Liam Ridgewell,4,2010/2011
15, Christopher Samba,4,2010/2011
16, Paul Scharner,4,2010/2011
17, David Silva,4,2010/2011
18, Alexandre Song,4,2010/2011
19, Luis Suárez,4,2010/2011
0, Gabriel Agbonlahor,3,2010/2011
1, Mikel Arteta,3,2010/2011
2, Phil Bardsley,3,2010/2011
3, Gary Cahill,3,2010/2011
4, Ciaran Clark,3,2010/2011
5, Tom Cleverley,3,2010/2011
6, James Collins,3,2010/2011
7, Mousa Dembélé,3,2010/2011
8, Mame Biram Diouf,3,2010/2011
9, Michael Essien,3,2010/2011
10, Cesc Fàbregas,3,2010/2011
11, Jonás Gutiérrez,3,2010/2011
12, Jordan Henderson,3,2010/2011
13, Emile Heskey,3,2010/2011
14, Stephen Hunt,3,2010/2011
15, Cameron Jerome,3,2010/2011
16, Andrew Johnson,3,2010/2011
17, Lee Chung-yong,3,2010/2011
18, Aaron Lennon,3,2010/2011
19, Joleon Lescott,3,2010/2011
0, James McCarthy,3,2010/2011
1, Luka Modric,3,2010/2011
2, Benjani,3,2010/2011
3, Ryan Nelsen,3,2010/2011
4, Jamie O'Hara,3,2010/2011
5, Victor Obinna,3,2010/2011
6, Jermaine Pennant,3,2010/2011
7, Martin Petrov,3,2010/2011
8, Jason Puncheon,3,2010/2011
9, Stéphane Sessegnon,3,2010/2011
10, Steven Taylor,3,2010/2011
11, John Terry,3,2010/2011
12, Jerome Thomas,3,2010/2011
13, Carlos Vela,3,2010/2011
14, Ben Watson,3,2010/2011
15, Abou Diaby,2,2010/2011
16, Chris Baird,2,2010/2011
17, Alex Baptiste,2,2010/2011
18, Gareth Barry,2,2010/2011
19, Jean Beausejour,2,2010/2011
0, Valon Behrami,2,2010/2011
1, Nicklas Bendtner,2,2010/2011
2, Diniyar Bilyaletdinov,2,2010/2011
3, Joe Cole,2,2010/2011
4, Fabricio Coloccini,2,2010/2011
5, Scott Dann,2,2010/2011
6, Rory Delap,2,2010/2011
7, Alex,2,2010/2011
8, Sylvain Distin,2,2010/2011
9, David Dunn,2,2010/2011
10, Edin Dzeko,2,2010/2011
11, George Elokobi,2,2010/2011
12, Dickson Etuhu,2,2010/2011
13, Darren Fletcher,2,2010/2011
14, Kevin Foley,2,2010/2011
15, Marc-Antoine Fortuné,2,2010/2011
16, Ryan Giggs,2,2010/2011
17, Danny Higginbotham,2,2010/2011
18, Thomas Hitzlsperger,2,2010/2011
19, Stuart Holden,2,2010/2011
0, Tom Huddlestone,2,2010/2011
1, Alan Hutton,2,2010/2011
2, Glen Johnson,2,2010/2011
3, Roger Johnson,2,2010/2011
4, Diomansy Kamara,2,2010/2011
5, Robbie Keane,2,2010/2011
6, Laurent Koscielny,2,2010/2011
7, Niko Kranjcar,2,2010/2011
8, Sotirios Kyrgiakos,2,2010/2011
9, David Luiz,2,2010/2011
10, Nenad Milijas,2,2010/2011
11, David N'Gog,2,2010/2011
12, Martin Olsson,2,2010/2011
13, Michael Owen,2,2010/2011
14, Ramires,2,2010/2011
15, Steve Sidwell,2,2010/2011
16, Martin Skrtel,2,2010/2011
17, Matthew Taylor,2,2010/2011
18, David Vaughan,2,2010/2011
19, Patrick Vieira,2,2010/2011
0, Dean Whitehead,2,2010/2011
1, Pablo Zabaleta,2,2010/2011
2, Boudewijn Zenden,2,2010/2011
3, Emmanuel Adebayor,1,2010/2011
4, Yakubu,1,2010/2011
5, Antolin Alcaraz,1,2010/2011
6, Ryan Babel,1,2010/2011
7, Sebastien Bassong,1,2010/2011
8, Hatem Ben Arfa,1,2010/2011
9, Yossi Benayoun,1,2010/2011
10, Robbie Blake,1,2010/2011
11, John Carew,1,2010/2011
12, Craig Cathcart,1,2010/2011
13, Tamir Cohen,1,2010/2011
14, Simon Cox,1,2010/2011
15, Jody Craddock,1,2010/2011
16, Manuel da Costa,1,2010/2011
17, Fabio,1,2010/2011
18, Mark Davies,1,2010/2011
19, Michael Dawson,1,2010/2011
0, Anderson,1,2010/2011
1, Nigel de Jong,1,2010/2011
2, Nathan Delfouneso,1,2010/2011
3, Franco Di Santo,1,2010/2011
4, Mohamed Diamé,1,2010/2011
5, Johan Djourou,1,2010/2011
6, Graham Dorrans,1,2010/2011
7, Neal Eardley,1,2010/2011
8, Emmanuel Eboué,1,2010/2011
9, David Edwards,1,2010/2011
10, Ian Evatt,1,2010/2011
11, Patrice Evra,1,2010/2011
12, Keith Fahey,1,2010/2011
13, Abdoulaye Faye,1,2010/2011
14, Marouane Fellaini,1,2010/2011
15, Maynor Figueroa,1,2010/2011
16, Zoltán Gera,1,2010/2011
17, Gaël Givet,1,2010/2011
18, Steve Gohouri,1,2010/2011
19, Jordi Gómez,1,2010/2011
0, Elliot Grandin,1,2010/2011
1, Adlène Guédioura,1,2010/2011
2, Sandro,1,2010/2011
3, John Heitinga,1,2010/2011
4, Alyaksandr Hleb,1,2010/2011
5, Aaron Hughes,1,2010/2011
6, Pablo Ibáñez,1,2010/2011
7, Phil Jagielka,1,2010/2011
8, Gonzalo Jara,1,2010/2011
9, David Jones,1,2010/2011
10, Younes Kaboul,1,2010/2011
11, Gaël Kakuta,1,2010/2011
12, Zat Knight,1,2010/2011
13, Aleksandar Kolarov,1,2010/2011
14, Federico Macheda,1,2010/2011
15, James Milner,1,2010/2011
16, Rodrigo Moreno,1,2010/2011
17, Victor Moses,1,2010/2011
18, Fabrice Muamba,1,2010/2011
19, Sulley Muntari,1,2010/2011
0, Steven N'Zonzi,1,2010/2011
1, Phil Neville,1,2010/2011
2, Jonas Olsson,1,2010/2011
3, Nedum Onuoha,1,2010/2011
4, Brett Ormerod,1,2010/2011
5, Stiliyan Petrov,1,2010/2011
6, Matt Phillips,1,2010/2011
7, Kevin Phillips,1,2010/2011
8, Steven Pienaar,1,2010/2011
9, Aaron Ramsey,1,2010/2011
10, Steven Reid,1,2010/2011
11, Micah Richards,1,2010/2011
12, Cristian Riveros,1,2010/2011
13, Bacary Sagna,1,2010/2011
14, Conor Sammon,1,2010/2011
15, Tuncay Sanli,1,2010/2011
16, Paul Scholes,1,2010/2011
17, Freddie Sears,1,2010/2011
18, Ryan Shawcross,1,2010/2011
19, Jonathan Spector,1,2010/2011
0, Sébastien Squillaci,1,2010/2011
1, Ronnie Stam,1,2010/2011
2, Junior Stanislas,1,2010/2011
3, Grétar Steinsson,1,2010/2011
4, Cheick Tioté,1,2010/2011
5, James Tomkins,1,2010/2011
6, Kolo Touré,1,2010/2011
7, Antonio Valencia,1,2010/2011
8, Jelle Van Damme,1,2010/2011
9, Kyle Walker,1,2010/2011
10, Stephen Ward,1,2010/2011
11, Jack Wilshere,1,2010/2011
12, Marc Wilson,1,2010/2011
13, Luke Young,1,2010/2011
14, Ronald Zubar,1,2010/2011
0, Didier Drogba,29,2009/2010
1, Wayne Rooney,26,2009/2010
2, Darren Bent,24,2009/2010
3, Carlos Tevez,23,2009/2010
4, Frank Lampard,22,2009/2010
5, Jermain Defoe,18,2009/2010
6, Fernando Torres,18,2009/2010
7, Cesc Fàbregas,15,2009/2010
8, Emmanuel Adebayor,14,2009/2010
9, Gabriel Agbonlahor,13,2009/2010
10, Louis Saha,13,2009/2010
11, Dimitar Berbatov,12,2009/2010
12, Florent Malouda,12,2009/2010
13, Nicolas Anelka,11,2009/2010
14, Cameron Jerome,11,2009/2010
15, Andrey Arshavin,10,2009/2010
16, Craig Bellamy,10,2009/2010
17, John Carew,10,2009/2010
18, Carlton Cole,10,2009/2010
19, Hugo Rodallega,10,2009/2010
0, Kevin Doyle,9,2009/2010
1, David Dunn,9,2009/2010
2, Steven Gerrard,9,2009/2010
3, Kenwyne Jones,9,2009/2010
4, Dirk Kuyt,9,2009/2010
5, Robin van Persie,9,2009/2010
6, Tim Cahill,8,2009/2010
7, Peter Crouch,8,2009/2010
8, Aruna Dindane,8,2009/2010
9, Steven Fletcher,8,2009/2010
10, Ivan Klasnic,8,2009/2010
11, Matthew Taylor,8,2009/2010
12, Bobby Zamora,8,2009/2010
13, Graham Alexander,7,2009/2010
14, Kevin Davies,7,2009/2010
15, Clint Dempsey,7,2009/2010
16, Alessandro Diamanti,7,2009/2010
17, James Milner,7,2009/2010
18, Thomas Vermaelen,7,2009/2010
19, Abou Diaby,6,2009/2010
0, Mikel Arteta,6,2009/2010
1, Yossi Benayoun,6,2009/2010
2, Nicklas Bendtner,6,2009/2010
3, Diniyar Bilyaletdinov,6,2009/2010
4, Damien Duff,6,2009/2010
5, Stephen Hunt,6,2009/2010
6, Robbie Keane,6,2009/2010
7, Niko Kranjcar,6,2009/2010
8, David Nugent,6,2009/2010
9, Yakubu,5,2009/2010
10, Lee Bowyer,5,2009/2010
11, Jimmy Bullard,5,2009/2010
12, Gary Cahill,5,2009/2010
13, Jody Craddock,5,2009/2010
14, Matthew Etherington,5,2009/2010
15, Guillermo Franco,5,2009/2010
16, Ryan Giggs,5,2009/2010
17, Salomon Kalou,5,2009/2010
18, James McFadden,5,2009/2010
19, Danny Murphy,5,2009/2010
0, David N'Gog,5,2009/2010
1, Charles N'Zogbia,5,2009/2010
2, Roman Pavlyuchenko,5,2009/2010
3, Frédéric Piquionne,5,2009/2010
4, Jason Roberts,5,2009/2010
5, Antonio Valencia,5,2009/2010
6, Ashley Young,5,2009/2010
7, Nani,4,2009/2010
8, Ilan Araujo,4,2009/2010
9, Ryan Babel,4,2009/2010
10, Michael Ballack,4,2009/2010
11, Fraizer Campbell,4,2009/2010
12, Ashley Cole,4,2009/2010
13, Wade Elliott,4,2009/2010
14, Darren Fletcher,4,2009/2010
15, Sebastian Larsson,4,2009/2010
16, Lee Chung-yong,4,2009/2010
17, Ryan Nelsen,4,2009/2010
18, Martin Paterson,4,2009/2010
19, Martin Petrov,4,2009/2010
0, Kevin Phillips,4,2009/2010
1, Steven Pienaar,4,2009/2010
2, Christopher Samba,4,2009/2010
3, Tuncay Sanli,4,2009/2010
4, Paul Scharner,4,2009/2010
5, Steven Thompson,4,2009/2010
6, Shaun Wright-Phillips,4,2009/2010
7, Gareth Bale,3,2009/2010
8, James Beattie,3,2009/2010
9, Nadir Belhadj,3,2009/2010
10, Christian Benitez,3,2009/2010
11, Kevin-Prince Boateng,3,2009/2010
12, Emmerson Boyce,3,2009/2010
13, Michael Carrick,3,2009/2010
14, Tamir Cohen,3,2009/2010
15, Geovanni,3,2009/2010
16, El Hadji Diouf,3,2009/2010
17, Richard Dunne,3,2009/2010
18, Johan Elmander,3,2009/2010
19, Michael Essien,3,2009/2010
0, Ricardo Fuller,3,2009/2010
1, William Gallas,3,2009/2010
2, Emile Heskey,3,2009/2010
3, Robert Huth,3,2009/2010
4, Matthew Jarvis,3,2009/2010
5, Glen Johnson,3,2009/2010
6, Younes Kaboul,3,2009/2010
7, Dave Kitson,3,2009/2010
8, Aaron Lennon,3,2009/2010
9, Luka Modric,3,2009/2010
10, Erik Nevland,3,2009/2010
11, Michael Owen,3,2009/2010
12, Park Ji-Sung,3,2009/2010
13, Morten Gamst Pedersen,3,2009/2010
14, Denilson,3,2009/2010
15, Aaron Ramsey,3,2009/2010
16, Micah Richards,3,2009/2010
17, Liam Ridgewell,3,2009/2010
18, Tomas Rosicky,3,2009/2010
19, Roque Santa Cruz,3,2009/2010
0, Paul Scholes,3,2009/2010
1, Junior Stanislas,3,2009/2010
2, Matt Upson,3,2009/2010
3, Jan Vennegoor of Hesselink,3,2009/2010
4, Theo Walcott,3,2009/2010
5, Eduardo da Silva,2,2009/2010
6, Gareth Barry,2,2009/2010
7, David Bentley,2,2009/2010
8, Robbie Blake,2,2009/2010
9, Titus Bramble,2,2009/2010
10, Michael Brown,2,2009/2010
11, Gary Caldwell,2,2009/2010
12, Joe Cole,2,2009/2010
13, Jack Collison,2,2009/2010
14, Carlos Cuellar,2,2009/2010
15, Manuel da Costa,2,2009/2010
16, Michael Dawson,2,2009/2010
17, Deco,2,2009/2010
18, Landon Donovan,2,2009/2010
19, Stewart Downing,2,2009/2010
0, Chris Eagles,2,2009/2010
1, Sylvan Ebanks-Blake,2,2009/2010
2, Craig Fagan,2,2009/2010
3, Abdoulaye Faye,2,2009/2010
4, Marouane Fellaini,2,2009/2010
5, Caleb Folan,2,2009/2010
6, Zoltán Gera,2,2009/2010
7, Darron Gibson,2,2009/2010
8, Gaël Givet,2,2009/2010
9, Dan Gosling,2,2009/2010
10, Tom Huddlestone,2,2009/2010
11, Stephen Ireland,2,2009/2010
12, Nikola Kalinic,2,2009/2010
13, Kanu,2,2009/2010
14, Ledley King,2,2009/2010
15, Vincent Kompany,2,2009/2010
16, Radoslav Kovac,2,2009/2010
17, Nenad Milijas,2,2009/2010
18, Steven N'Zonzi,2,2009/2010
19, Samir Nasri,2,2009/2010
0, Mark Noble,2,2009/2010
1, Jamie O'Hara,2,2009/2010
2, Stefano Okaka,2,2009/2010
3, Leon Osman,2,2009/2010
4, Scott Parker,2,2009/2010
5, Andy Reid,2,2009/2010
6, Jack Rodwell,2,2009/2010
7, Ryan Shawcross,2,2009/2010
8, Mamady Sidibe,2,2009/2010
9, John Terry,2,2009/2010
10, Michael Turner,2,2009/2010
11, Glenn Whelan,2,2009/2010
12, Hassan Yebda,2,2009/2010
13, Kamil Zayatte,2,2009/2010
14, Boudewijn Zenden,2,2009/2010
15, Jozy Altidore,1,2009/2010
16, Keith Andrews,1,2009/2010
17, Victor Anichebe,1,2009/2010
18, Alberto Aquilani,1,2009/2010
19, Benoit Assou-Ekotto,1,2009/2010
0, Will Atkinson,1,2009/2010
1, Leighton Baines,1,2009/2010
2, Sebastien Bassong,1,2009/2010
3, Valon Behrami,1,2009/2010
4, André Bikey,1,2009/2010
5, Luis Boa Morte,1,2009/2010
6, George Boateng,1,2009/2010
7, Tom Cairney,1,2009/2010
8, Steven Caldwell,1,2009/2010
9, Pascal Chimbonda,1,2009/2010
10, James Collins,1,2009/2010
11, Jack Cork,1,2009/2010
12, Vedran Corluka,1,2009/2010
13, Mark Cullen,1,2009/2010
14, Curtis Davies,1,2009/2010
15, Andy Dawson,1,2009/2010
16, Anderson,1,2009/2010
17, Nathan Delfouneso,1,2009/2010
18, Franco Di Santo,1,2009/2010
19, Mohamed Diamé,1,2009/2010
0, Salif Diao,1,2009/2010
1, Alex,1,2009/2010
2, Mame Biram Diouf,1,2009/2010
3, Emmanuel Eboué,1,2009/2010
4, David Edwards,1,2009/2010
5, David Elm,1,2009/2010
6, Julien Faubert,1,2009/2010
7, Maynor Figueroa,1,2009/2010
8, Daniel Fox,1,2009/2010
9, Ricardo Gardner,1,2009/2010
10, Craig Gardner,1,2009/2010
11, Javier Garrido,1,2009/2010
12, Kamel Ghilas,1,2009/2010
13, Steve Gohouri,1,2009/2010
14, Jordi Gómez,1,2009/2010
15, Jonathan Greening,1,2009/2010
16, Eidur Gudjohnsen,1,2009/2010
17, Adlène Guédioura,1,2009/2010
18, Brede Hangeland,1,2009/2010
19, Jordan Henderson,1,2009/2010
0, Danny Higginbotham,1,2009/2010
1, Zavon Hines,1,2009/2010
2, Hermann Hreidarsson,1,2009/2010
3, Branislav Ivanovic,1,2009/2010
4, Jermaine Jenas,1,2009/2010
5, Luis Jiménez,1,2009/2010
6, Adam Johnson,1,2009/2010
7, David Jones,1,2009/2010
8, Diomansy Kamara,1,2009/2010
9, Andy Keogh,1,2009/2010
10, Kevin Kilbane,1,2009/2010
11, Zat Knight,1,2009/2010
12, Paul Konchesky,1,2009/2010
13, Jason Koumas,1,2009/2010
14, Sotirios Kyrgiakos,1,2009/2010
15, Liam Lawrence,1,2009/2010
16, Joleon Lescott,1,2009/2010
17, Federico Macheda,1,2009/2010
18, Stefan Maierhofer,1,2009/2010
19, Dean Marney,1,2009/2010
0, Benni McCarthy,1,2009/2010
1, James McCarthy,1,2009/2010
2, Kevin McDonald,1,2009/2010
3, John Mensah,1,2009/2010
4, Fran Mérida,1,2009/2010
5, Victor Moses,1,2009/2010
6, Steven Mouyokolo,1,2009/2010
7, Fabrice Muamba,1,2009/2010
8, Garry O'Connor,1,2009/2010
9, John O'Shea,1,2009/2010
10, Seyi Olofinjana,1,2009/2010
11, Martin Olsson,1,2009/2010
12, Nedum Onuoha,1,2009/2010
13, Wilson Palacios,1,2009/2010
14, Rafael,1,2009/2010
15, Danny Pugh,1,2009/2010
16, Kieran Richardson,1,2009/2010
17, Maxi Rodríguez,1,2009/2010
18, Danny Rose,1,2009/2010
19, Jason Scotland,1,2009/2010
0, Mikaël Silvestre,1,2009/2010
1, Scott Sinclair,1,2009/2010
2, Martin Skrtel,1,2009/2010
3, Tommy Smith,1,2009/2010
4, Alexandre Song,1,2009/2010
5, Richard Stearman,1,2009/2010
6, Daniel Sturridge,1,2009/2010
7, Kolo Touré,1,2009/2010
8, John Utaka,1,2009/2010
9, James Vaughan,1,2009/2010
10, Carlos Vela,1,2009/2010
11, Nemanja Vidic,1,2009/2010
12, Patrick Vieira,1,2009/2010
13, Ben Watson,1,2009/2010
14, Danny Webber,1,2009/2010
15, Jack Wilshere,1,2009/2010
16, Joseph Yobo,1,2009/2010
17, Ronald Zubar,1,2009/2010
0, Nicolas Anelka,19,2008/2009
1, Cristiano Ronaldo,18,2008/2009
2, Steven Gerrard,16,2008/2009
3, Robinho,14,2008/2009
4, Fernando Torres,14,2008/2009
5, Gabriel Agbonlahor,12,2008/2009
6, Darren Bent,12,2008/2009
7, Kevin Davies,12,2008/2009
8, Dirk Kuyt,12,2008/2009
9, Frank Lampard,12,2008/2009
10, Wayne Rooney,12,2008/2009
11, John Carew,11,2008/2009
12, Peter Crouch,11,2008/2009
13, Ricardo Fuller,11,2008/2009
14, Robin van Persie,11,2008/2009
15, Emmanuel Adebayor,10,2008/2009
16, Djibril Cissé,10,2008/2009
17, Carlton Cole,10,2008/2009
18, Jermain Defoe,10,2008/2009
19, Kenwyne Jones,10,2008/2009
0, Robbie Keane,10,2008/2009
1, Benni McCarthy,10,2008/2009
2, Matthew Taylor,10,2008/2009
3, Amr Zaki,10,2008/2009
4, Nicklas Bendtner,9,2008/2009
5, Dimitar Berbatov,9,2008/2009
6, Stephen Ireland,9,2008/2009
7, Craig Bellamy,8,2008/2009
8, Yossi Benayoun,8,2008/2009
9, Chris Brunt,8,2008/2009
10, Tim Cahill,8,2008/2009
11, Geovanni,8,2008/2009
12, Marouane Fellaini,8,2008/2009
13, Obafemi Martins,8,2008/2009
14, Michael Owen,8,2008/2009
15, James Beattie,7,2008/2009
16, Clint Dempsey,7,2008/2009
17, Andrew Johnson,7,2008/2009
18, Marlon King,7,2008/2009
19, Jason Roberts,7,2008/2009
0, Tuncay Sanli,7,2008/2009
1, Ashley Young,7,2008/2009
2, Andrey Arshavin,6,2008/2009
3, Roman Bednar,6,2008/2009
4, Elano,6,2008/2009
5, Jô,6,2008/2009
6, Salomon Kalou,6,2008/2009
7, Florent Malouda,6,2008/2009
8, Mido,6,2008/2009
9, Samir Nasri,6,2008/2009
10, Leon Osman,6,2008/2009
11, Louis Saha,6,2008/2009
12, Mikel Arteta,5,2008/2009
13, Gareth Barry,5,2008/2009
14, Felipe Caicedo,5,2008/2009
15, Didier Drogba,5,2008/2009
16, Johan Elmander,5,2008/2009
17, Marc-Antoine Fortuné,5,2008/2009
18, Emile Heskey,5,2008/2009
19, Aaron Lennon,5,2008/2009
0, Danny Murphy,5,2008/2009
1, Roman Pavlyuchenko,5,2008/2009
2, Carlos Tevez,5,2008/2009
3, Shaun Wright-Phillips,5,2008/2009
4, Yakubu,4,2008/2009
5, Afonso Alves,4,2008/2009
6, Shola Ameobi,4,2008/2009
7, Keith Andrews,4,2008/2009
8, Michael Carrick,4,2008/2009
9, Daniel Cousin,4,2008/2009
10, David Di Michele,4,2008/2009
11, Ricardo Gardner,4,2008/2009
12, Jermaine Jenas,4,2008/2009
13, Diomansy Kamara,4,2008/2009
14, Joleon Lescott,4,2008/2009
15, Erik Nevland,4,2008/2009
16, Gary O'Neil,4,2008/2009
17, Kieran Richardson,4,2008/2009
18, Roque Santa Cruz,4,2008/2009
19, Daniel Sturridge,4,2008/2009
0, Steven Taylor,4,2008/2009
1, Michael Turner,4,2008/2009
2, Nemanja Vidic,4,2008/2009
3, Abou Diaby,3,2008/2009
4, Xabi Alonso,3,2008/2009
5, Ryan Babel,3,2008/2009
6, Gary Cahill,3,2008/2009
7, Andy Carroll,3,2008/2009
8, Jack Collison,3,2008/2009
9, Deco,3,2008/2009
10, Damien Duff,3,2008/2009
11, Emmanuel Eboué,3,2008/2009
12, Cesc Fàbregas,3,2008/2009
13, Craig Fagan,3,2008/2009
14, Abdoulaye Faye,3,2008/2009
15, Darren Fletcher,3,2008/2009
16, Juliano Belletti,3,2008/2009
17, Glen Johnson,3,2008/2009
18, Niko Kranjcar,3,2008/2009
19, Liam Lawrence,3,2008/2009
0, Peter Løvenkrands,3,2008/2009
1, Ishmael Miller,3,2008/2009
2, James Milner,3,2008/2009
3, Luka Modric,3,2008/2009
4, James Morrison,3,2008/2009
5, Mark Noble,3,2008/2009
6, David Nugent,3,2008/2009
7, Denilson,3,2008/2009
8, Albert Riera,3,2008/2009
9, Hugo Rodallega,3,2008/2009
10, Ryan Shawcross,3,2008/2009
11, Mamady Sidibe,3,2008/2009
12, Steve Sidwell,3,2008/2009
13, Diego Tristán,3,2008/2009
14, Antonio Valencia,3,2008/2009
15, Stephen Warnock,3,2008/2009
16, Jérémie Aliadière,2,2008/2009
17, Dean Ashton,2,2008/2009
18, Fábio Aurélio,2,2008/2009
19, Nadir Belhadj,2,2008/2009
0, José Bosingwa,2,2008/2009
1, Jimmy Bullard,2,2008/2009
2, Henri Camara,2,2008/2009
3, Michael Chopra,2,2008/2009
4, Joe Cole,2,2008/2009
5, Manucho,2,2008/2009
6, Simon Davies,2,2008/2009
7, Rory Delap,2,2008/2009
8, Matt Derbyshire,2,2008/2009
9, Alex,2,2008/2009
10, Matthew Etherington,2,2008/2009
11, William Gallas,2,2008/2009
12, Zoltán Gera,2,2008/2009
13, Ryan Giggs,2,2008/2009
14, Dan Gosling,2,2008/2009
15, Jonathan Greening,2,2008/2009
16, Danny Guthrie,2,2008/2009
17, Hermann Hreidarsson,2,2008/2009
18, Grant Leadbitter,2,2008/2009
19, Federico Macheda,2,2008/2009
0, Bernard Mendy,2,2008/2009
1, David N'Gog,2,2008/2009
2, Charles N'Zogbia,2,2008/2009
3, Seyi Olofinjana,2,2008/2009
4, Jonas Olsson,2,2008/2009
5, André Ooijer,2,2008/2009
6, Park Ji-Sung,2,2008/2009
7, Steven Pienaar,2,2008/2009
8, Christopher Samba,2,2008/2009
9, Paul Scholes,2,2008/2009
10, Mikaël Silvestre,2,2008/2009
11, Junior Stanislas,2,2008/2009
12, Grétar Steinsson,2,2008/2009
13, Ryan Taylor,2,2008/2009
14, Theo Walcott,2,2008/2009
15, Ben Watson,2,2008/2009
16, Bobby Zamora,2,2008/2009
17, Daniel Agger,1,2008/2009
18, Nani,1,2008/2009
19, Victor Anichebe,1,2008/2009
0, Álvaro Arbeloa,1,2008/2009
1, Ian Ashbee,1,2008/2009
2, Leighton Baines,1,2008/2009
3, Michael Ballack,1,2008/2009
4, Nick Barmby,1,2008/2009
5, Joey Barton,1,2008/2009
6, Chris Basham,1,2008/2009
7, Matthew Bates,1,2008/2009
8, Craig Beattie,1,2008/2009
9, Valon Behrami,1,2008/2009
10, David Bentley,1,2008/2009
11, Valeri Bojinov,1,2008/2009
12, Emmerson Boyce,1,2008/2009
13, Titus Bramble,1,2008/2009
14, Wes Brown,1,2008/2009
15, Fraizer Campbell,1,2008/2009
16, Lee Cattermole,1,2008/2009
17, Gaël Clichy,1,2008/2009
18, Tamir Cohen,1,2008/2009
19, Ashley Cole,1,2008/2009
0, Danny Collins,1,2008/2009
1, Vedran Corluka,1,2008/2009
2, Calum Davenport,1,2008/2009
3, Curtis Davies,1,2008/2009
4, Sean Davis,1,2008/2009
5, Andy Dawson,1,2008/2009
6, Michael Dawson,1,2008/2009
7, El Hadji Diouf,1,2008/2009
8, Andrea Dossena,1,2008/2009
9, David Dunn,1,2008/2009
10, Richard Dunne,1,2008/2009
11, David Edgar,1,2008/2009
12, Brett Emerton,1,2008/2009
13, Michael Essien,1,2008/2009
14, Dickson Etuhu,1,2008/2009
15, Ched Evans,1,2008/2009
16, Gelson Fernandes,1,2008/2009
17, Maynor Figueroa,1,2008/2009
18, Caleb Folan,1,2008/2009
19, Richard Garcia,1,2008/2009
0, Javier Garrido,1,2008/2009
1, Darron Gibson,1,2008/2009
2, Brede Hangeland,1,2008/2009
3, David Healy,1,2008/2009
4, Danny Higginbotham,1,2008/2009
5, Sami Hyypiä,1,2008/2009
6, Xisco,1,2008/2009
7, Younes Kaboul,1,2008/2009
8, Kanu,1,2008/2009
9, Olivier Kapo,1,2008/2009
10, Ledley King,1,2008/2009
11, Zat Knight,1,2008/2009
12, Vincent Kompany,1,2008/2009
13, Paul Konchesky,1,2008/2009
14, Robert Koren,1,2008/2009
15, Radoslav Kovac,1,2008/2009
16, Martin Laursen,1,2008/2009
17, Lucas Leiva,1,2008/2009
18, Steed Malbranque,1,2008/2009
19, Paul McShane,1,2008/2009
0, Juan Carlos Menseguéz,1,2008/2009
1, Luke Moore,1,2008/2009
2, Hayden Mullins,1,2008/2009
3, Benjani,1,2008/2009
4, Lucas Neill,1,2008/2009
5, Ryan Nelsen,1,2008/2009
6, Andy O'Brien,1,2008/2009
7, Jamie O'Hara,1,2008/2009
8, Nedum Onuoha,1,2008/2009
9, Scott Parker,1,2008/2009
10, Morten Gamst Pedersen,1,2008/2009
11, Rafael,1,2008/2009
12, Stiliyan Petrov,1,2008/2009
13, Emanuel Pogatetz,1,2008/2009
14, Sébastien Puygrenier,1,2008/2009
15, Andy Reid,1,2008/2009
16, Nigel Reo-Coker,1,2008/2009
17, Micah Richards,1,2008/2009
18, Seol Ki-Hyeon,1,2008/2009
19, Ricardo Carvalho,1,2008/2009
0, Jay Simpson,1,2008/2009
1, Alexandre Song,1,2008/2009
2, John Terry,1,2008/2009
3, James Tomkins,1,2008/2009
4, Kolo Touré,1,2008/2009
5, Armand Traore,1,2008/2009
6, Kerimoglou Tugay,1,2008/2009
7, John Utaka,1,2008/2009
8, Carlos Vela,1,2008/2009
9, Danny Welbeck,1,2008/2009
10, David Wheater,1,2008/2009
11, Glenn Whelan,1,2008/2009
12, Dean Windass,1,2008/2009
13, Jonathan Woodgate,1,2008/2009
14, Joseph Yobo,1,2008/2009
15, Luke Young,1,2008/2009
16, Pablo Zabaleta,1,2008/2009
17, Kamil Zayatte,1,2008/2009
0, Cristiano Ronaldo,31,2007/2008
1, Emmanuel Adebayor,24,2007/2008
2, Fernando Torres,24,2007/2008
3, Roque Santa Cruz,19,2007/2008
4, Yakubu,15,2007/2008
5, Dimitar Berbatov,15,2007/2008
6, Robbie Keane,15,2007/2008
7, Benjani,15,2007/2008
8, Carlos Tevez,14,2007/2008
9, John Carew,13,2007/2008
10, Jermain Defoe,12,2007/2008
11, Wayne Rooney,12,2007/2008
12, Gabriel Agbonlahor,11,2007/2008
13, Nicolas Anelka,11,2007/2008
14, Steven Gerrard,11,2007/2008
15, Michael Owen,11,2007/2008
16, Dean Ashton,10,2007/2008
17, Dave Kitson,10,2007/2008
18, Frank Lampard,10,2007/2008
19, Gareth Barry,9,2007/2008
0, Stewart Downing,9,2007/2008
1, Mikael Forssell,9,2007/2008
2, Obafemi Martins,9,2007/2008
3, Ashley Young,9,2007/2008
4, Elano,8,2007/2008
5, Didier Drogba,8,2007/2008
6, Joleon Lescott,8,2007/2008
7, Benni McCarthy,8,2007/2008
8, Tuncay Sanli,8,2007/2008
9, Michael Ballack,7,2007/2008
10, Marcus Bent,7,2007/2008
11, Tim Cahill,7,2007/2008
12, Joe Cole,7,2007/2008
13, Cesc Fàbregas,7,2007/2008
14, Cameron Jerome,7,2007/2008
15, Kenwyne Jones,7,2007/2008
16, Salomon Kalou,7,2007/2008
17, Robin van Persie,7,2007/2008
18, Mark Viduka,7,2007/2008
19, Afonso Alves,6,2007/2008
0, Darren Bent,6,2007/2008
1, David Bentley,6,2007/2008
2, Michael Chopra,6,2007/2008
3, Clint Dempsey,6,2007/2008
4, Kevin Doyle,6,2007/2008
5, Michael Essien,6,2007/2008
6, James Harper,6,2007/2008
7, Andrew Johnson,6,2007/2008
8, Sebastian Larsson,6,2007/2008
9, Martin Laursen,6,2007/2008
10, James McFadden,6,2007/2008
11, Tomas Rosicky,6,2007/2008
12, Darius Vassell,6,2007/2008
13, Jérémie Aliadière,5,2007/2008
14, Nicklas Bendtner,5,2007/2008
15, Peter Crouch,5,2007/2008
16, Simon Davies,5,2007/2008
17, Marlon Harewood,5,2007/2008
18, Stephen Hunt,5,2007/2008
19, Diomansy Kamara,5,2007/2008
0, Olivier Kapo,5,2007/2008
1, Danny Murphy,5,2007/2008
2, Kevin Nolan,5,2007/2008
3, Martin Petrov,5,2007/2008
4, Louis Saha,5,2007/2008
5, Andriy Shevchenko,5,2007/2008
6, John Utaka,5,2007/2008
7, Andrey Voronin,5,2007/2008
8, Eduardo da Silva,4,2007/2008
9, Ryan Babel,4,2007/2008
10, Yossi Benayoun,4,2007/2008
11, Rolando Bianchi,4,2007/2008
12, Lee Bowyer,4,2007/2008
13, Carlton Cole,4,2007/2008
14, El Hadji Diouf,4,2007/2008
15, William Gallas,4,2007/2008
16, David Healy,4,2007/2008
17, Emile Heskey,4,2007/2008
18, Stephen Ireland,4,2007/2008
19, Jermaine Jenas,4,2007/2008
0, Kanu,4,2007/2008
1, Niko Kranjcar,4,2007/2008
2, Steed Malbranque,4,2007/2008
3, Shaun Maloney,4,2007/2008
4, Brian McBride,4,2007/2008
5, Kenny Miller,4,2007/2008
6, Sulley Muntari,4,2007/2008
7, Leon Osman,4,2007/2008
8, Morten Gamst Pedersen,4,2007/2008
9, Paul Scharner,4,2007/2008
10, Antoine Sibierski,4,2007/2008
11, Nolberto Solano,4,2007/2008
12, Matthew Taylor,4,2007/2008
13, Theo Walcott,4,2007/2008
14, Mauro Zárate,4,2007/2008
15, Nani,3,2007/2008
16, André Bikey,3,2007/2008
17, Nicky Butt,3,2007/2008
18, Kevin Davies,3,2007/2008
19, Geovanni,3,2007/2008
0, Matt Derbyshire,3,2007/2008
1, Matthew Etherington,3,2007/2008
2, Mathieu Flamini,3,2007/2008
3, Craig Gardner,3,2007/2008
4, Ryan Giggs,3,2007/2008
5, Danny Higginbotham,3,2007/2008
6, Hermann Hreidarsson,3,2007/2008
7, Tom Huddlestone,3,2007/2008
8, Younes Kaboul,3,2007/2008
9, Dirk Kuyt,3,2007/2008
10, Denny Landzaat,3,2007/2008
11, Shane Long,3,2007/2008
12, Gary McSheffrey,3,2007/2008
13, Daryl Murphy,3,2007/2008
14, Charles N'Zogbia,3,2007/2008
15, Mark Noble,3,2007/2008
16, Matt Oakley,3,2007/2008
17, Kieran Richardson,3,2007/2008
18, Jason Roberts,3,2007/2008
19, Ryan Taylor,3,2007/2008
0, Antonio Valencia,3,2007/2008
1, Emanuel Villa,3,2007/2008
2, David Wheater,3,2007/2008
3, Xabi Alonso,2,2007/2008
4, Julio Arca,2,2007/2008
5, Gareth Bale,2,2007/2008
6, Craig Bellamy,2,2007/2008
7, Titus Bramble,2,2007/2008
8, Jimmy Bullard,2,2007/2008
9, Michael Carrick,2,2007/2008
10, Pascal Chimbonda,2,2007/2008
11, Alex,2,2007/2008
12, Rio Ferdinand,2,2007/2008
13, Anton Ferdinand,2,2007/2008
14, Gelson Fernandes,2,2007/2008
15, Stelios Giannakopoulos,2,2007/2008
16, Owen Hargreaves,2,2007/2008
17, Juliano Belletti,2,2007/2008
18, Heidar Helguson,2,2007/2008
19, Alyaksandr Hleb,2,2007/2008
0, Ivar Ingimarsson,2,2007/2008
1, Michael Johnson,2,2007/2008
2, Grant Leadbitter,2,2007/2008
3, Aaron Lennon,2,2007/2008
4, Fredrik Ljungberg,2,2007/2008
5, Florent Malouda,2,2007/2008
6, Jay McEveley,2,2007/2008
7, Olof Mellberg,2,2007/2008
8, Mido,2,2007/2008
9, James Milner,2,2007/2008
10, Emile Mpenza,2,2007/2008
11, Fabrice Muamba,2,2007/2008
12, Phil Neville,2,2007/2008
13, Erik Nevland,2,2007/2008
14, Garry O'Connor,2,2007/2008
15, Jermaine Pennant,2,2007/2008
16, Steven Pienaar,2,2007/2008
17, Claudio Pizarro,2,2007/2008
18, Christopher Samba,2,2007/2008
19, Philippe Senderos,2,2007/2008
0, Nicky Shorey,2,2007/2008
1, Kolo Touré,2,2007/2008
2, Kerimoglou Tugay,2,2007/2008
3, Ross Wallace,2,2007/2008
4, Shaun Wright-Phillips,2,2007/2008
5, Abou Diaby,1,2007/2008
6, Victor Anichebe,1,2007/2008
7, Mikel Arteta,1,2007/2008
8, Fábio Aurélio,1,2007/2008
9, Giles Barnes,1,2007/2008
10, Joey Barton,1,2007/2008
11, Emre,1,2007/2008
12, Habib Beye,1,2007/2008
13, George Boateng,1,2007/2008
14, Carlos Bocanegra,1,2007/2008
15, Hameur Bouazza,1,2007/2008
16, Wilfred Bouma,1,2007/2008
17, Daniel Braaten,1,2007/2008
18, Wes Brown,1,2007/2008
19, Claudio Caçapa,1,2007/2008
0, Sol Campbell,1,2007/2008
1, Ivan Campo,1,2007/2008
2, Lee Carsley,1,2007/2008
3, Lee Cattermole,1,2007/2008
4, Kalifa Cissé,1,2007/2008
5, Tamir Cohen,1,2007/2008
6, Ashley Cole,1,2007/2008
7, Danny Collins,1,2007/2008
8, Gilberto Silva,1,2007/2008
9, Gilberto,1,2007/2008
10, Curtis Davies,1,2007/2008
11, Michael Dawson,1,2007/2008
12, Lass Diarra,1,2007/2008
13, David Dunn,1,2007/2008
14, Robert Earnshaw,1,2007/2008
15, Brett Emerton,1,2007/2008
16, Dickson Etuhu,1,2007/2008
17, Kelvin Etuhu,1,2007/2008
18, Abdoulaye Faye,1,2007/2008
19, Anthony Gardner,1,2007/2008
0, Steve Howard,1,2007/2008
1, Ben Hutchinson,1,2007/2008
2, Robert Huth,1,2007/2008
3, Sami Hyypiä,1,2007/2008
4, Phil Jagielka,1,2007/2008
5, Stern John,1,2007/2008
6, Adam Johnson,1,2007/2008
7, Glen Johnson,1,2007/2008
8, David Jones,1,2007/2008
9, Kevin Kilbane,1,2007/2008
10, Marlon King,1,2007/2008
11, Zat Knight,1,2007/2008
12, Jason Koumas,1,2007/2008
13, Leroy Lita,1,2007/2008
14, Javier Mascherano,1,2007/2008
15, Marek Matejovsky,1,2007/2008
16, Gavin McCann,1,2007/2008
17, George McCartney,1,2007/2008
18, Tyrone Mears,1,2007/2008
19, Liam Miller,1,2007/2008
0, Luke Moore,1,2007/2008
1, David Murphy,1,2007/2008
2, Geremi,1,2007/2008
3, Lewin Nyatanga,1,2007/2008
4, Jamie O'Hara,1,2007/2008
5, Nedum Onuoha,1,2007/2008
6, Noé Pamarot,1,2007/2008
7, Park Ji-Sung,1,2007/2008
8, Scott Parker,1,2007/2008
9, Stiliyan Petrov,1,2007/2008
10, Rade Prica,1,2007/2008
11, Andy Reid,1,2007/2008
12, Liam Ridgewell,1,2007/2008
13, Chris Riggott,1,2007/2008
14, Fábio Rochemback,1,2007/2008
15, Bacary Sagna,1,2007/2008
16, Paul Scholes,1,2007/2008
17, Freddie Sears,1,2007/2008
18, Ricardo Carvalho,1,2007/2008
19, Mohamed Sissoko,1,2007/2008
0, Gary Speed,1,2007/2008
1, Anthony Stokes,1,2007/2008
2, Alan Stubbs,1,2007/2008
3, Daniel Sturridge,1,2007/2008
4, Steven Taylor,1,2007/2008
5, John Terry,1,2007/2008
6, Andrew Todd,1,2007/2008
7, Matt Upson,1,2007/2008
8, James Vaughan,1,2007/2008
9, Nemanja Vidic,1,2007/2008
10, Stephen Warnock,1,2007/2008
11, Dean Whitehead,1,2007/2008
12, Jonathan Woodgate,1,2007/2008
13, Joseph Yobo,1,2007/2008
14, Dwight Yorke,1,2007/2008
15, Luke Young,1,2007/2008
16, Bobby Zamora,1,2007/2008
0, Didier Drogba,20,2006/2007
1, Benni McCarthy,18,2006/2007
2, Cristiano Ronaldo,17,2006/2007
3, Wayne Rooney,14,2006/2007
4, Mark Viduka,14,2006/2007
5, Darren Bent,13,2006/2007
6, Kevin Doyle,13,2006/2007
7, Yakubu,12,2006/2007
8, Dimitar Berbatov,12,2006/2007
9, Dirk Kuyt,12,2006/2007
10, Nicolas Anelka,11,2006/2007
11, Andrew Johnson,11,2006/2007
12, Robbie Keane,11,2006/2007
13, Frank Lampard,11,2006/2007
14, Obafemi Martins,11,2006/2007
15, Robin van Persie,11,2006/2007
16, Bobby Zamora,11,2006/2007
17, Gilberto Silva,10,2006/2007
18, Jermain Defoe,10,2006/2007
19, Thierry Henry,10,2006/2007
0, Kanu,10,2006/2007
1, Gabriel Agbonlahor,9,2006/2007
2, Mikel Arteta,9,2006/2007
3, Peter Crouch,9,2006/2007
4, Brian McBride,9,2006/2007
5, Emmanuel Adebayor,8,2006/2007
6, Gareth Barry,8,2006/2007
7, Kevin Davies,8,2006/2007
8, Emile Heskey,8,2006/2007
9, Robert Hulse,8,2006/2007
10, Louis Saha,8,2006/2007
11, Gary Speed,8,2006/2007
12, Matthew Taylor,8,2006/2007
13, Craig Bellamy,7,2006/2007
14, Steven Gerrard,7,2006/2007
15, Salomon Kalou,7,2006/2007
16, Leroy Lita,7,2006/2007
17, Shabani Nonda,7,2006/2007
18, Ole Gunnar Solskjaer,7,2006/2007
19, Carlos Tevez,7,2006/2007
0, Joey Barton,6,2006/2007
1, Hameur Bouazza,6,2006/2007
2, Henri Camara,6,2006/2007
3, Jermaine Jenas,6,2006/2007
4, Benjani,6,2006/2007
5, Morten Gamst Pedersen,6,2006/2007
6, Paul Scholes,6,2006/2007
7, Michael Ballack,5,2006/2007
8, Carlos Bocanegra,5,2006/2007
9, Tim Cahill,5,2006/2007
10, Matt Derbyshire,5,2006/2007
11, El Hadji Diouf,5,2006/2007
12, Kieron Dyer,5,2006/2007
13, Park Ji-Sung,5,2006/2007
14, Jon Stead,5,2006/2007
15, Ashley Young,5,2006/2007
16, Xabi Alonso,4,2006/2007
17, Juan Pablo Ángel,4,2006/2007
18, David Bentley,4,2006/2007
19, Ivan Campo,4,2006/2007
0, Ryan Giggs,4,2006/2007
1, Heidar Helguson,4,2006/2007
2, Stephen Hunt,4,2006/2007
3, Phil Jagielka,4,2006/2007
4, Marlon King,4,2006/2007
5, Lee McCulloch,4,2006/2007
6, Luke Moore,4,2006/2007
7, John O'Shea,4,2006/2007
8, Jason Roberts,4,2006/2007
9, Georgios Samaras,4,2006/2007
10, Seol Ki-Hyeon,4,2006/2007
11, Andriy Shevchenko,4,2006/2007
12, Steve Sidwell,4,2006/2007
13, James Vaughan,4,2006/2007
14, Darren Ambrose,3,2006/2007
15, Shola Ameobi,3,2006/2007
16, Victor Anichebe,3,2006/2007
17, Leighton Baines,3,2006/2007
18, DaMarcus Beasley,3,2006/2007
19, Yossi Benayoun,3,2006/2007
0, John Carew,3,2006/2007
1, Michael Carrick,3,2006/2007
2, Andrew Cole,3,2006/2007
3, Bernardo Corradi,3,2006/2007
4, Talal El Karkouri,3,2006/2007
5, Mathieu Flamini,3,2006/2007
6, Darren Fletcher,3,2006/2007
7, Robbie Fowler,3,2006/2007
8, Damien Francis,3,2006/2007
9, William Gallas,3,2006/2007
10, Luis García,3,2006/2007
11, Brynjar Gunnarsson,3,2006/2007
12, Marlon Harewood,3,2006/2007
13, James Harper,3,2006/2007
14, Darius Henderson,3,2006/2007
15, Aaron Lennon,3,2006/2007
16, James Milner,3,2006/2007
17, Emile Mpenza,3,2006/2007
18, Christian Nade,3,2006/2007
19, Kevin Nolan,3,2006/2007
0, Leon Osman,3,2006/2007
1, Scott Parker,3,2006/2007
2, Julio Baptista,3,2006/2007
3, Tomas Rosicky,3,2006/2007
4, Paul Scharner,3,2006/2007
5, Antoine Sibierski,3,2006/2007
6, Ricardo Carvalho,3,2006/2007
7, Jerome Thomas,3,2006/2007
8, Kolo Touré,3,2006/2007
9, Darius Vassell,3,2006/2007
10, Nemanja Vidic,3,2006/2007
11, Danny Webber,3,2006/2007
12, Daniel Agger,2,2006/2007
13, Julio Arca,2,2006/2007
14, James Beattie,2,2006/2007
15, Emre,2,2006/2007
16, Patrik Berger,2,2006/2007
17, Jimmy Bullard,2,2006/2007
18, Carlton Cole,2,2006/2007
19, Pedro Mendes,2,2006/2007
0, Simon Davies,2,2006/2007
1, Jay DeMerit,2,2006/2007
2, Sylvain Distin,2,2006/2007
3, Stewart Downing,2,2006/2007
4, Michael Essien,2,2006/2007
5, Cesc Fàbregas,2,2006/2007
6, Abdoulaye Faye,2,2006/2007
7, Manuel Fernandes,2,2006/2007
8, Caleb Folan,2,2006/2007
9, Craig Gardner,2,2006/2007
10, Keith Gillespie,2,2006/2007
11, Mark González,2,2006/2007
12, Jimmy Floyd Hasselbaink,2,2006/2007
13, Alyaksandr Hleb,2,2006/2007
14, Sami Hyypiä,2,2006/2007
15, Ivar Ingimarsson,2,2006/2007
16, Claus Jensen,2,2006/2007
17, Dave Kitson,2,2006/2007
18, Zat Knight,2,2006/2007
19, Niko Kranjcar,2,2006/2007
0, Denny Landzaat,2,2006/2007
1, Joleon Lescott,2,2006/2007
2, Shane Long,2,2006/2007
3, Lomana Lua Lua,2,2006/2007
4, Steed Malbranque,2,2006/2007
5, James McFadden,2,2006/2007
6, Vincenzo Montella,2,2006/2007
7, James Morrison,2,2006/2007
8, Hayden Mullins,2,2006/2007
9, Mark Noble,2,2006/2007
10, Noé Pamarot,2,2006/2007
11, Stiliyan Petrov,2,2006/2007
12, Emanuel Pogatetz,2,2006/2007
13, Linvoy Primus,2,2006/2007
14, Tamás Priskin,2,2006/2007
15, Stephen Quinn,2,2006/2007
16, Tomasz Radzinski,2,2006/2007
17, Andy Reid,2,2006/2007
18, Arjen Robben,2,2006/2007
19, Fábio Rochemback,2,2006/2007
0, Christopher Samba,2,2006/2007
1, Teddy Sheringham,2,2006/2007
2, Nolberto Solano,2,2006/2007
3, Alan Stubbs,2,2006/2007
4, Teemu Tainio,2,2006/2007
5, Steven Taylor,2,2006/2007
6, Andranik Teymourian,2,2006/2007
7, Svetoslav Todorov,2,2006/2007
8, Michael Tonge,2,2006/2007
9, Moritz Volz,2,2006/2007
10, Shaun Wright-Phillips,2,2006/2007
11, Joseph Yobo,2,2006/2007
12, Abou Diaby,1,2006/2007
13, Álvaro Arbeloa,1,2006/2007
14, Milan Baros,1,2006/2007
15, Marcus Bent,1,2006/2007
16, Kepa,1,2006/2007
17, Luis Boa Morte,1,2006/2007
18, George Boateng,1,2006/2007
19, Nicky Butt,1,2006/2007
0, Sol Campbell,1,2006/2007
1, Jamie Carragher,1,2006/2007
2, Lee Carsley,1,2006/2007
3, Lee Cattermole,1,2006/2007
4, Pascal Chimbonda,1,2006/2007
5, Philippe Christanval,1,2006/2007
6, Malcolm Christie,1,2006/2007
7, David Cotterill,1,2006/2007
8, Calum Davenport,1,2006/2007
9, Michael Dawson,1,2006/2007
10, Ulises de la Cruz,1,2006/2007
11, Clint Dempsey,1,2006/2007
12, Damien Duff,1,2006/2007
13, Richard Dunne,1,2006/2007
14, Chris Eagles,1,2006/2007
15, David Edgar,1,2006/2007
16, Hossam Ghaly,1,2006/2007
17, Patrice Evra,1,2006/2007
18, Amdy Faye,1,2006/2007
19, Rio Ferdinand,1,2006/2007
0, Paul Gallagher,1,2006/2007
1, Matt Holland,1,2006/2007
2, Justin Hoyte,1,2006/2007
3, Tom Huddlestone,1,2006/2007
4, Bryan Hughes,1,2006/2007
5, Paul Huntington,1,2006/2007
6, Robert Huth,1,2006/2007
7, Stephen Ireland,1,2006/2007
8, Matt Jackson,1,2006/2007
9, Collins John,1,2006/2007
10, Kazim,1,2006/2007
11, Harry Kewell,1,2006/2007
12, Kevin Kilbane,1,2006/2007
13, Henrik Larsson,1,2006/2007
14, Massimo Maccarone,1,2006/2007
15, Gavin Mahon,1,2006/2007
16, Claude Makelele,1,2006/2007
17, Shaun Maloney,1,2006/2007
18, Gavin McCann,1,2006/2007
19, Olof Mellberg,1,2006/2007
0, Lubomir Michalik,1,2006/2007
1, Mido,1,2006/2007
2, Chris Morgan,1,2006/2007
3, Danny Murphy,1,2006/2007
4, Arnold Mvuemba,1,2006/2007
5, Gary Naysmith,1,2006/2007
6, Phil Neville,1,2006/2007
7, Geremi,1,2006/2007
8, Gary O'Neil,1,2006/2007
9, John Oster,1,2006/2007
10, Ian Pearce,1,2006/2007
11, Henrik Pedersen,1,2006/2007
12, Jermaine Pennant,1,2006/2007
13, Franck Queudrue,1,2006/2007
14, Nigel Reo-Coker,1,2006/2007
15, Micah Richards,1,2006/2007
16, Kieran Richardson,1,2006/2007
17, Liam Ridgewell,1,2006/2007
18, John Arne Riise,1,2006/2007
19, Douglas Rinaldi,1,2006/2007
0, Paul Robinson,1,2006/2007
1, Danny Shittu,1,2006/2007
2, Nicky Shorey,1,2006/2007
3, Mikaël Silvestre,1,2006/2007
4, Tommy Smith,1,2006/2007
5, Ibrahima Sonko,1,2006/2007
6, Paul Stalteri,1,2006/2007
7, Chris Sutton,1,2006/2007
8, Ryan Taylor,1,2006/2007
9, John Terry,1,2006/2007
10, Hatem Trabelsi,1,2006/2007
11, Kerimoglou Tugay,1,2006/2007
12, David Unsworth,1,2006/2007
13, Antonio Valencia,1,2006/2007
14, Stephen Warnock,1,2006/2007
15, David Wheater,1,2006/2007
16, Abel Xavier,1,2006/2007
17, Luke Young,1,2006/2007
18, Zheng Zhi,1,2006/2007
